sociale	gentilezza
sociale	mole
sociale	accrescimento
sociale	rivalità
quantità	sudditanza
quantità	grandezza
quantità	tonnellata
sociale	cumulo
sociale	addizione
sociale	altruismo
sociale	grossezza
quantità	decremento
quantità	notorietà
sociale	patto
quantità	gentilezza
sociale	servitù
quantità	mole
sociale	alleanza
quantità	addizione
quantità	cumulo
quantità	altruismo
sociale	sudditanza
sociale	grandezza
sociale	tonnellata
sociale	notorietà
quantità	ingrandimento
quantità	relazione
sociale	dispetto
quantità	alleanza
quantità	immensità
sociale	enormità
sociale	dilatazione
sociale	penuria
quantità	plebe
sociale	competizione
sociale	frazione
sociale	ingrandimento
quantità	dispetto
sociale	relazione
quantità	venerazione
quantità	incremento
quantità	enormità
sociale	quintale
sociale	tradizione
quantità	dilatazione
quantità	espansione
quantità	penuria
sociale	immensità
sociale	sfacciataggine
quantità	porzione
quantità	competizione
quantità	emarginazione
quantità	frazione
sociale	plebe
quantità	quintale
quantità	tradizione
sociale	scherzo
sociale	venerazione
sociale	incremento
quantità	sfacciataggine
quantità	carico
quantità	cospirazione
sociale	espansione
sociale	socievolezza
sociale	porzione
quantità	etnia
sociale	emarginazione
sociale	nomea
quantità	complotto
sociale	diffamazione
sociale	offesa
quantità	stazza
quantità	scherzo
quantità	lusinga
quantità	riduzione
quantità	catasta
quantità	massa
quantità	infamia
sociale	estensione
sociale	cospirazione
sociale	carico
quantità	socievolezza
sociale	accumulo
sociale	etnia
quantità	nomea
quantità	carenza
quantità	offesa
quantità	diffamazione
quantità	diminuzione
sociale	complotto
quantità	estensione
sociale	stazza
sociale	lusinga
sociale	allargamento
sociale	catasta
sociale	dissenso
sociale	riduzione
sociale	infamia
sociale	massa
sociale	fascino
quantità	accrescimento
quantità	accumulo
quantità	rivalità
quantità	grossezza
sociale	carenza
quantità	patto
sociale	decremento
quantità	allargamento
sociale	diminuzione
quantità	dissenso
quantità	servitù
quantità	fascino
