Telefon	Delphin
Telefon	delphin
telefon	Delphin
telefon	delphin
Apfel	Apfel
Apfel	apfel
apfel	Apfel
apfel	apfel
Hirsch	Hirsch
Hirsch	hirsch
hirsch	Hirsch
hirsch	hirsch
finger	finger
finger	Finger
Finger	finger
Finger	Finger
auge	finger
auge	Finger
Auge	finger
Auge	Finger
Fabrik	Fabrik
Fabrik	fabrik
fabrik	Fabrik
fabrik	fabrik
Regal	Schrank
Regal	schrank
regal	Schrank
regal	schrank
Bauch	Locher
Bauch	locher
bauch	Locher
bauch	locher
Ananas	Banane
Ananas	banane
ananas	Banane
ananas	banane
Orange	zitrone
Orange	Zitrone
orange	zitrone
orange	Zitrone
Trompete	klavier
Trompete	Klavier
trompete	klavier
trompete	Klavier
Apfel	Telefon
Apfel	telefon
apfel	Telefon
apfel	telefon
sieb	tasse
sieb	taße
sieb	Taße
sieb	Tasse
Sieb	tasse
Sieb	taße
Sieb	Taße
Sieb	Tasse
auto	auto
auto	Auto
Auto	auto
Auto	Auto
Roller	Fernseher
Roller	fernseher
roller	Fernseher
roller	fernseher
Bein	ohr
Bein	Ohr
bein	ohr
bein	Ohr
seil	kegel
seil	Kegel
Seil	kegel
Seil	Kegel
Seßel	Hirsch
Seßel	hirsch
seßel	Hirsch
seßel	hirsch
sessel	Hirsch
sessel	hirsch
Sessel	Hirsch
Sessel	hirsch
gabel	kaninchen
gabel	Kaninchen
Gabel	kaninchen
Gabel	Kaninchen
Pilz	bohne
Pilz	Bohne
pilz	bohne
pilz	Bohne
heft	zange
heft	Zange
Heft	zange
Heft	Zange
Schlaeger	Ball
Schlaeger	ball
schlaeger	Ball
schlaeger	ball
Schläger	Ball
Schläger	ball
schläger	Ball
schläger	ball
Computer	Computer
Computer	computer
computer	Computer
computer	computer
ohr	Arm
ohr	arm
Ohr	Arm
Ohr	arm
Boot	Traktor
Boot	traktor
boot	Traktor
boot	traktor
Schraube	Schraube
Schraube	schraube
schraube	Schraube
schraube	schraube
Flöte	Harfe
Flöte	harfe
Floete	Harfe
Floete	harfe
floete	Harfe
floete	harfe
flöte	Harfe
flöte	harfe
drucker	drucker
drucker	Drucker
Drucker	drucker
Drucker	Drucker
Regal	Regal
Regal	regal
regal	Regal
regal	regal
Gitarre	Gitarre
Gitarre	gitarre
gitarre	Gitarre
gitarre	gitarre
zitrone	Radio
zitrone	radio
Zitrone	Radio
Zitrone	radio
Hirsch	Apfel
Hirsch	apfel
hirsch	Apfel
hirsch	apfel
radierer	löffel
radierer	Löffel
radierer	Loeffel
radierer	loeffel
Radierer	löffel
Radierer	Löffel
Radierer	Loeffel
Radierer	loeffel
gurke	gurke
gurke	Gurke
Gurke	gurke
Gurke	Gurke
brokkoli	Schraube
brokkoli	schraube
Brokkoli	Schraube
Brokkoli	schraube
tasse	löffel
tasse	Löffel
tasse	Loeffel
tasse	loeffel
taße	löffel
taße	Löffel
taße	Loeffel
taße	loeffel
Taße	löffel
Taße	Löffel
Taße	Loeffel
Taße	loeffel
Tasse	löffel
Tasse	Löffel
Tasse	Loeffel
Tasse	loeffel
schwein	schwein
schwein	Schwein
Schwein	schwein
Schwein	Schwein
Schrank	bagger
Schrank	Bagger
schrank	bagger
schrank	Bagger
nagel	nagel
nagel	Nagel
Nagel	nagel
Nagel	Nagel
drucker	brokkoli
drucker	Brokkoli
Drucker	brokkoli
Drucker	Brokkoli
flieger	Erdbeere
flieger	erdbeere
Flieger	Erdbeere
Flieger	erdbeere
kaninchen	topf
kaninchen	Topf
Kaninchen	topf
Kaninchen	Topf
Kommode	Bein
Kommode	bein
kommode	Bein
kommode	bein
pfanne	Banane
pfanne	banane
Pfanne	Banane
Pfanne	banane
laster	tasse
laster	taße
laster	Taße
laster	Tasse
Laster	tasse
Laster	taße
Laster	Taße
Laster	Tasse
kegel	Hocker
kegel	hocker
Kegel	Hocker
Kegel	hocker
pfanne	gabel
pfanne	Gabel
Pfanne	gabel
Pfanne	Gabel
huette	huette
huette	Hütte
huette	hütte
huette	Huette
Hütte	huette
Hütte	Hütte
Hütte	hütte
Hütte	Huette
hütte	huette
hütte	Hütte
hütte	hütte
hütte	Huette
Huette	huette
Huette	Hütte
Huette	hütte
Huette	Huette
messer	Schüssel
messer	schüssel
messer	schueßel
messer	Schuessel
messer	schuessel
messer	Schüßel
messer	schüßel
messer	Schueßel
Meßer	Schüssel
Meßer	schüssel
Meßer	schueßel
Meßer	Schuessel
Meßer	schuessel
Meßer	Schüßel
Meßer	schüßel
Meßer	Schueßel
Messer	Schüssel
Messer	schüssel
Messer	schueßel
Messer	Schuessel
Messer	schuessel
Messer	Schüßel
Messer	schüßel
Messer	Schueßel
meßer	Schüssel
meßer	schüssel
meßer	schueßel
meßer	Schuessel
meßer	schuessel
meßer	Schüßel
meßer	schüßel
meßer	Schueßel
trampolin	seil
trampolin	Seil
Trampolin	seil
Trampolin	Seil
Delphin	Delphin
Delphin	delphin
delphin	Delphin
delphin	delphin
Pilz	Burg
Pilz	burg
pilz	Burg
pilz	burg
Hut	Pullover
Hut	pullover
hut	Pullover
hut	pullover
Hantel	Schlaeger
Hantel	schlaeger
Hantel	Schläger
Hantel	schläger
hantel	Schlaeger
hantel	schlaeger
hantel	Schläger
hantel	schläger
paprika	paprika
paprika	Paprika
Paprika	paprika
Paprika	Paprika
kartoffel	kartoffel
kartoffel	Kartoffel
Kartoffel	kartoffel
Kartoffel	Kartoffel
Erbse	tomate
Erbse	Tomate
erbse	tomate
erbse	Tomate
fahrrad	Mühle
fahrrad	mühle
fahrrad	muehle
fahrrad	Muehle
Fahrrad	Mühle
Fahrrad	mühle
Fahrrad	muehle
Fahrrad	Muehle
Traktor	sieb
Traktor	Sieb
traktor	sieb
traktor	Sieb
gabel	gabel
gabel	Gabel
Gabel	gabel
Gabel	Gabel
Regal	schwein
Regal	Schwein
regal	schwein
regal	Schwein
Fernseher	drucker
Fernseher	Drucker
fernseher	drucker
fernseher	Drucker
pfanne	pfanne
pfanne	Pfanne
Pfanne	pfanne
Pfanne	Pfanne
Bein	Bein
Bein	bein
bein	Bein
bein	bein
Erbse	mund
Erbse	Mund
erbse	mund
erbse	Mund
Pullover	schuh
Pullover	Schuh
pullover	schuh
pullover	Schuh
Fernseher	Fernseher
Fernseher	fernseher
fernseher	Fernseher
fernseher	fernseher
topf	messer
topf	Meßer
topf	Messer
topf	meßer
Topf	messer
Topf	Meßer
Topf	Messer
Topf	meßer
zange	zange
zange	Zange
Zange	zange
Zange	Zange
Bein	pfanne
Bein	Pfanne
bein	pfanne
bein	Pfanne
Burg	kegel
Burg	Kegel
burg	kegel
burg	Kegel
Banane	Apfel
Banane	apfel
banane	Apfel
banane	apfel
tomate	tomate
tomate	Tomate
Tomate	tomate
Tomate	Tomate
Schüssel	pfanne
Schüssel	Pfanne
schüssel	pfanne
schüssel	Pfanne
schueßel	pfanne
schueßel	Pfanne
Schuessel	pfanne
Schuessel	Pfanne
schuessel	pfanne
schuessel	Pfanne
Schüßel	pfanne
Schüßel	Pfanne
schüßel	pfanne
schüßel	Pfanne
Schueßel	pfanne
Schueßel	Pfanne
laster	laster
laster	Laster
Laster	laster
Laster	Laster
Trommel	Flöte
Trommel	Floete
Trommel	floete
Trommel	flöte
trommel	Flöte
trommel	Floete
trommel	floete
trommel	flöte
zange	ohr
zange	Ohr
Zange	ohr
Zange	Ohr
Fernseher	tomate
Fernseher	Tomate
fernseher	tomate
fernseher	Tomate
Erdbeere	kirsche
Erdbeere	Kirsche
erdbeere	kirsche
erdbeere	Kirsche
Teller	glas
Teller	Glas
teller	glas
teller	Glas
sieb	finger
sieb	Finger
Sieb	finger
Sieb	Finger
Lampe	Hocker
Lampe	hocker
lampe	Hocker
lampe	hocker
katze	Ziege
katze	ziege
Katze	Ziege
Katze	ziege
tomate	brokkoli
tomate	Brokkoli
Tomate	brokkoli
Tomate	Brokkoli
Arm	gurke
Arm	Gurke
arm	gurke
arm	Gurke
kegel	trampolin
kegel	Trampolin
Kegel	trampolin
Kegel	Trampolin
Hammer	Hammer
Hammer	hammer
hammer	Hammer
hammer	hammer
radierer	Locher
radierer	locher
Radierer	Locher
Radierer	locher
Zwiebel	flieger
Zwiebel	Flieger
zwiebel	flieger
zwiebel	Flieger
flieger	flieger
flieger	Flieger
Flieger	flieger
Flieger	Flieger
Mühle	bett
Mühle	Bett
mühle	bett
mühle	Bett
muehle	bett
muehle	Bett
Muehle	bett
Muehle	Bett
schule	Teller
schule	teller
Schule	Teller
Schule	teller
Ziege	Stift
Ziege	stift
ziege	Stift
ziege	stift
Lampe	knie
Lampe	Knie
lampe	knie
lampe	Knie
glas	Orgel
glas	orgel
Glas	Orgel
Glas	orgel
Trompete	kiwi
Trompete	Kiwi
trompete	kiwi
trompete	Kiwi
kaninchen	Hirsch
kaninchen	hirsch
Kaninchen	Hirsch
Kaninchen	hirsch
klavier	Trommel
klavier	trommel
Klavier	Trommel
Klavier	trommel
Wolf	schaf
Wolf	Schaf
wolf	schaf
wolf	Schaf
auge	nagel
auge	Nagel
Auge	nagel
Auge	Nagel
Radio	Hut
Radio	hut
radio	Hut
radio	hut
bohne	paprika
bohne	Paprika
Bohne	paprika
Bohne	Paprika
sofa	triangel
sofa	Triangel
Sofa	triangel
Sofa	Triangel
bett	Seßel
bett	seßel
bett	sessel
bett	Sessel
Bett	Seßel
Bett	seßel
Bett	sessel
Bett	Sessel
Computer	Handy
Computer	handy
computer	Handy
computer	handy
spitzer	Hose
spitzer	hose
Spitzer	Hose
Spitzer	hose
Burg	huette
Burg	Hütte
Burg	hütte
Burg	Huette
burg	huette
burg	Hütte
burg	hütte
burg	Huette
Stift	Stift
Stift	stift
stift	Stift
stift	stift
Geige	Bauch
Geige	bauch
geige	Bauch
geige	bauch
Robbe	ameise
Robbe	Ameise
robbe	ameise
robbe	Ameise
Traube	Traube
Traube	traube
traube	Traube
traube	traube
triangel	Orgel
triangel	orgel
Triangel	Orgel
Triangel	orgel
Handy	Radio
Handy	radio
handy	Radio
handy	radio
huette	schule
huette	Schule
Hütte	schule
Hütte	Schule
hütte	schule
hütte	Schule
Huette	schule
Huette	Schule
Radio	Radio
Radio	radio
radio	Radio
radio	radio
Geige	Geige
Geige	geige
geige	Geige
geige	geige
lineal	spitzer
lineal	Spitzer
Lineal	spitzer
Lineal	Spitzer
Schlaeger	Schlaeger
Schlaeger	schlaeger
Schlaeger	Schläger
Schlaeger	schläger
schlaeger	Schlaeger
schlaeger	schlaeger
schlaeger	Schläger
schlaeger	schläger
Schläger	Schlaeger
Schläger	schlaeger
Schläger	Schläger
Schläger	schläger
schläger	Schlaeger
schläger	schlaeger
schläger	Schläger
schläger	schläger
Handy	laster
Handy	Laster
handy	laster
handy	Laster
fuss	fuss
fuss	fuß
fuss	Fuß
fuss	Fuss
fuß	fuss
fuß	fuß
fuß	Fuß
fuß	Fuss
Fuß	fuss
Fuß	fuß
Fuß	Fuß
Fuß	Fuss
Fuss	fuss
Fuss	fuß
Fuss	Fuß
Fuss	Fuss
Apfel	kiwi
Apfel	Kiwi
apfel	kiwi
apfel	Kiwi
schaf	kaninchen
schaf	Kaninchen
Schaf	kaninchen
Schaf	Kaninchen
schuh	Hut
schuh	hut
Schuh	Hut
Schuh	hut
Zwiebel	Zwiebel
Zwiebel	zwiebel
zwiebel	Zwiebel
zwiebel	zwiebel
Schüssel	Hantel
Schüssel	hantel
schüssel	Hantel
schüssel	hantel
schueßel	Hantel
schueßel	hantel
Schuessel	Hantel
Schuessel	hantel
schuessel	Hantel
schuessel	hantel
Schüßel	Hantel
Schüßel	hantel
schüßel	Hantel
schüßel	hantel
Schueßel	Hantel
Schueßel	hantel
klavier	Ball
klavier	ball
Klavier	Ball
Klavier	ball
Stift	paprika
Stift	Paprika
stift	paprika
stift	Paprika
Gitarre	fuss
Gitarre	fuß
Gitarre	Fuß
Gitarre	Fuss
gitarre	fuss
gitarre	fuß
gitarre	Fuß
gitarre	Fuss
Teller	Teller
Teller	teller
teller	Teller
teller	teller
Fabrik	Kirche
Fabrik	kirche
fabrik	Kirche
fabrik	kirche
Ananas	Ananas
Ananas	ananas
ananas	Ananas
ananas	ananas
fahrrad	Roller
fahrrad	roller
Fahrrad	Roller
Fahrrad	roller
nase	nase
nase	Nase
Nase	nase
Nase	Nase
Bohrer	nase
Bohrer	Nase
bohrer	nase
bohrer	Nase
Birne	Birne
Birne	birne
birne	Birne
birne	birne
löffel	Handy
löffel	handy
Löffel	Handy
Löffel	handy
Loeffel	Handy
Loeffel	handy
loeffel	Handy
loeffel	handy
kiwi	Birne
kiwi	birne
Kiwi	Birne
Kiwi	birne
Schüssel	Schüssel
Schüssel	schüssel
Schüssel	schueßel
Schüssel	Schuessel
Schüssel	schuessel
Schüssel	Schüßel
Schüssel	schüßel
Schüssel	Schueßel
schüssel	Schüssel
schüssel	schüssel
schüssel	schueßel
schüssel	Schuessel
schüssel	schuessel
schüssel	Schüßel
schüssel	schüßel
schüssel	Schueßel
schueßel	Schüssel
schueßel	schüssel
schueßel	schueßel
schueßel	Schuessel
schueßel	schuessel
schueßel	Schüßel
schueßel	schüßel
schueßel	Schueßel
Schuessel	Schüssel
Schuessel	schüssel
Schuessel	schueßel
Schuessel	Schuessel
Schuessel	schuessel
Schuessel	Schüßel
Schuessel	schüßel
Schuessel	Schueßel
schuessel	Schüssel
schuessel	schüssel
schuessel	schueßel
schuessel	Schuessel
schuessel	schuessel
schuessel	Schüßel
schuessel	schüßel
schuessel	Schueßel
Schüßel	Schüssel
Schüßel	schüssel
Schüßel	schueßel
Schüßel	Schuessel
Schüßel	schuessel
Schüßel	Schüßel
Schüßel	schüßel
Schüßel	Schueßel
schüßel	Schüssel
schüßel	schüssel
schüßel	schueßel
schüßel	Schuessel
schüßel	schuessel
schüßel	Schüßel
schüßel	schüßel
schüßel	Schueßel
Schueßel	Schüssel
Schueßel	schüssel
Schueßel	schueßel
Schueßel	Schuessel
Schueßel	schuessel
Schueßel	Schüßel
Schueßel	schüßel
Schueßel	Schueßel
Erdbeere	seil
Erdbeere	Seil
erdbeere	seil
erdbeere	Seil
nagel	Hammer
nagel	hammer
Nagel	Hammer
Nagel	hammer
schwein	katze
schwein	Katze
Schwein	katze
Schwein	Katze
knie	Robbe
knie	robbe
Knie	Robbe
Knie	robbe
Traktor	bagger
Traktor	Bagger
traktor	bagger
traktor	Bagger
radierer	radierer
radierer	Radierer
Radierer	radierer
Radierer	Radierer
katze	katze
katze	Katze
Katze	katze
Katze	Katze
Ziege	Ziege
Ziege	ziege
ziege	Ziege
ziege	ziege
Ball	Hantel
Ball	hantel
ball	Hantel
ball	hantel
Trompete	Trompete
Trompete	trompete
trompete	Trompete
trompete	trompete
Erdbeere	Erdbeere
Erdbeere	erdbeere
erdbeere	Erdbeere
erdbeere	erdbeere
spitzer	spitzer
spitzer	Spitzer
Spitzer	spitzer
Spitzer	Spitzer
Seßel	Kommode
Seßel	kommode
seßel	Kommode
seßel	kommode
sessel	Kommode
sessel	kommode
Sessel	Kommode
Sessel	kommode
Hammer	Säge
Hammer	Saege
Hammer	säge
Hammer	saege
hammer	Säge
hammer	Saege
hammer	säge
hammer	saege
Ball	Ball
Ball	ball
ball	Ball
ball	ball
seil	seil
seil	Seil
Seil	seil
Seil	Seil
ohr	Kommode
ohr	kommode
Ohr	Kommode
Ohr	kommode
Orgel	Gitarre
Orgel	gitarre
orgel	Gitarre
orgel	gitarre
Harfe	Trompete
Harfe	trompete
harfe	Trompete
harfe	trompete
Pilz	Pilz
Pilz	pilz
pilz	Pilz
pilz	pilz
Tisch	kleid
Tisch	Kleid
tisch	kleid
tisch	Kleid
tomate	Zug
tomate	zug
Tomate	Zug
Tomate	zug
Erbse	Erbse
Erbse	erbse
erbse	Erbse
erbse	erbse
Hocker	Geige
Hocker	geige
hocker	Geige
hocker	geige
kirsche	kirsche
kirsche	Kirsche
Kirsche	kirsche
Kirsche	Kirsche
kegel	kegel
kegel	Kegel
Kegel	kegel
Kegel	Kegel
zitrone	Erdbeere
zitrone	erdbeere
Zitrone	Erdbeere
Zitrone	erdbeere
Birne	Ananas
Birne	ananas
birne	Ananas
birne	ananas
Schrank	Schrank
Schrank	schrank
schrank	Schrank
schrank	schrank
brokkoli	kartoffel
brokkoli	Kartoffel
Brokkoli	kartoffel
Brokkoli	Kartoffel
Banane	Banane
Banane	banane
banane	Banane
banane	banane
Hantel	schaf
Hantel	Schaf
hantel	schaf
hantel	Schaf
kaninchen	kaninchen
kaninchen	Kaninchen
Kaninchen	kaninchen
Kaninchen	Kaninchen
Orgel	Orgel
Orgel	orgel
orgel	Orgel
orgel	orgel
bohne	radierer
bohne	Radierer
Bohne	radierer
Bohne	Radierer
katze	Lampe
katze	lampe
Katze	Lampe
Katze	lampe
tasse	tasse
tasse	taße
tasse	Taße
tasse	Tasse
taße	tasse
taße	taße
taße	Taße
taße	Tasse
Taße	tasse
Taße	taße
Taße	Taße
Taße	Tasse
Tasse	tasse
Tasse	taße
Tasse	Taße
Tasse	Tasse
zitrone	zitrone
zitrone	Zitrone
Zitrone	zitrone
Zitrone	Zitrone
Fabrik	Schüssel
Fabrik	schüssel
Fabrik	schueßel
Fabrik	Schuessel
Fabrik	schuessel
Fabrik	Schüßel
Fabrik	schüßel
Fabrik	Schueßel
fabrik	Schüssel
fabrik	schüssel
fabrik	schueßel
fabrik	Schuessel
fabrik	schuessel
fabrik	Schüßel
fabrik	schüßel
fabrik	Schueßel
Bauch	Bauch
Bauch	bauch
bauch	Bauch
bauch	bauch
glas	sieb
glas	Sieb
Glas	sieb
Glas	Sieb
Tisch	bett
Tisch	Bett
tisch	bett
tisch	Bett
Säge	nagel
Säge	Nagel
Saege	nagel
Saege	Nagel
säge	nagel
säge	Nagel
saege	nagel
saege	Nagel
Harfe	spitzer
Harfe	Spitzer
harfe	spitzer
harfe	Spitzer
Boot	Boot
Boot	boot
boot	Boot
boot	boot
tuba	kirsche
tuba	Kirsche
Tuba	kirsche
Tuba	Kirsche
Hose	Hose
Hose	hose
hose	Hose
hose	hose
bluse	bluse
bluse	Bluse
Bluse	bluse
Bluse	Bluse
sofa	Lampe
sofa	lampe
Sofa	Lampe
Sofa	lampe
bagger	laster
bagger	Laster
Bagger	laster
Bagger	Laster
Locher	trampolin
Locher	Trampolin
locher	trampolin
locher	Trampolin
bus	Zug
bus	zug
Bus	Zug
Bus	zug
Stift	radierer
Stift	Radierer
stift	radierer
stift	Radierer
nase	Bein
nase	bein
Nase	Bein
Nase	bein
Hose	bluse
Hose	Bluse
hose	bluse
hose	Bluse
Traube	Säge
Traube	Saege
Traube	säge
Traube	saege
traube	Säge
traube	Saege
traube	säge
traube	saege
kiwi	Tisch
kiwi	tisch
Kiwi	Tisch
Kiwi	tisch
auge	auge
auge	Auge
Auge	auge
Auge	Auge
bluse	kleid
bluse	Kleid
Bluse	kleid
Bluse	Kleid
schaf	schaf
schaf	Schaf
Schaf	schaf
Schaf	Schaf
ohr	ohr
ohr	Ohr
Ohr	ohr
Ohr	Ohr
Hocker	sofa
Hocker	Sofa
hocker	sofa
hocker	Sofa
knie	knie
knie	Knie
Knie	knie
Knie	Knie
bohne	bohne
bohne	Bohne
Bohne	bohne
Bohne	Bohne
flieger	Boot
flieger	boot
Flieger	Boot
Flieger	boot
bett	klavier
bett	Klavier
Bett	klavier
Bett	Klavier
schule	schule
schule	Schule
Schule	schule
Schule	Schule
karotte	schuh
karotte	Schuh
Karotte	schuh
Karotte	Schuh
drucker	Telefon
drucker	telefon
Drucker	Telefon
Drucker	telefon
tasse	Pullover
tasse	pullover
taße	Pullover
taße	pullover
Taße	Pullover
Taße	pullover
Tasse	Pullover
Tasse	pullover
Hocker	Hocker
Hocker	hocker
hocker	Hocker
hocker	hocker
schuh	Traube
schuh	traube
Schuh	Traube
Schuh	traube
fuss	auge
fuss	Auge
fuß	auge
fuß	Auge
Fuß	auge
Fuß	Auge
Fuss	auge
Fuss	Auge
trampolin	trampolin
trampolin	Trampolin
Trampolin	trampolin
Trampolin	Trampolin
Flöte	Birne
Flöte	birne
Floete	Birne
Floete	birne
floete	Birne
floete	birne
flöte	Birne
flöte	birne
löffel	löffel
löffel	Löffel
löffel	Loeffel
löffel	loeffel
Löffel	löffel
Löffel	Löffel
Löffel	Loeffel
Löffel	loeffel
Loeffel	löffel
Loeffel	Löffel
Loeffel	Loeffel
Loeffel	loeffel
loeffel	löffel
loeffel	Löffel
loeffel	Loeffel
loeffel	loeffel
Arm	mund
Arm	Mund
arm	mund
arm	Mund
heft	heft
heft	Heft
Heft	heft
Heft	Heft
Lampe	Lampe
Lampe	lampe
lampe	Lampe
lampe	lampe
Delphin	Wolf
Delphin	wolf
delphin	Wolf
delphin	wolf
Wolf	Kirche
Wolf	kirche
wolf	Kirche
wolf	kirche
zange	Schraube
zange	schraube
Zange	Schraube
Zange	schraube
kleid	Fabrik
kleid	fabrik
Kleid	Fabrik
Kleid	fabrik
löffel	Teller
löffel	teller
Löffel	Teller
Löffel	teller
Loeffel	Teller
Loeffel	teller
loeffel	Teller
loeffel	teller
triangel	triangel
triangel	Triangel
Triangel	triangel
Triangel	Triangel
triangel	ameise
triangel	Ameise
Triangel	ameise
Triangel	Ameise
Wolf	Wolf
Wolf	wolf
wolf	Wolf
wolf	wolf
bagger	Orange
bagger	orange
Bagger	Orange
Bagger	orange
Roller	bus
Roller	Bus
roller	bus
roller	Bus
Ball	Harfe
Ball	harfe
ball	Harfe
ball	harfe
seil	Zwiebel
seil	zwiebel
Seil	Zwiebel
Seil	zwiebel
kirsche	Boot
kirsche	boot
Kirsche	Boot
Kirsche	boot
klavier	klavier
klavier	Klavier
Klavier	klavier
Klavier	Klavier
Burg	Burg
Burg	burg
burg	Burg
burg	burg
Bohrer	zange
Bohrer	Zange
bohrer	zange
bohrer	Zange
knie	Bauch
knie	bauch
Knie	Bauch
Knie	bauch
stuhl	Tisch
stuhl	tisch
Stuhl	Tisch
Stuhl	tisch
Handy	Handy
Handy	handy
handy	Handy
handy	handy
paprika	karotte
paprika	Karotte
Paprika	karotte
Paprika	Karotte
laster	flieger
laster	Flieger
Laster	flieger
Laster	Flieger
mund	nase
mund	Nase
Mund	nase
Mund	Nase
Hut	tuba
Hut	Tuba
hut	tuba
hut	Tuba
fuss	zitrone
fuss	Zitrone
fuß	zitrone
fuß	Zitrone
Fuß	zitrone
Fuß	Zitrone
Fuss	zitrone
Fuss	Zitrone
Robbe	schule
Robbe	Schule
robbe	schule
robbe	Schule
auto	Trommel
auto	trommel
Auto	Trommel
Auto	trommel
Mühle	Mühle
Mühle	mühle
Mühle	muehle
Mühle	Muehle
mühle	Mühle
mühle	mühle
mühle	muehle
mühle	Muehle
muehle	Mühle
muehle	mühle
muehle	muehle
muehle	Muehle
Muehle	Mühle
Muehle	mühle
Muehle	muehle
Muehle	Muehle
Teller	auge
Teller	Auge
teller	auge
teller	Auge
Robbe	Robbe
Robbe	robbe
robbe	Robbe
robbe	robbe
topf	Ananas
topf	ananas
Topf	Ananas
Topf	ananas
gabel	topf
gabel	Topf
Gabel	topf
Gabel	Topf
bagger	bagger
bagger	Bagger
Bagger	bagger
Bagger	Bagger
Trommel	drucker
Trommel	Drucker
trommel	drucker
trommel	Drucker
Hose	Bohrer
Hose	bohrer
hose	Bohrer
hose	bohrer
spitzer	heft
spitzer	Heft
Spitzer	heft
Spitzer	Heft
paprika	Regal
paprika	regal
Paprika	Regal
Paprika	regal
schaf	fahrrad
schaf	Fahrrad
Schaf	fahrrad
Schaf	Fahrrad
kartoffel	Schlaeger
kartoffel	schlaeger
kartoffel	Schläger
kartoffel	schläger
Kartoffel	Schlaeger
Kartoffel	schlaeger
Kartoffel	Schläger
Kartoffel	schläger
messer	messer
messer	Meßer
messer	Messer
messer	meßer
Meßer	messer
Meßer	Meßer
Meßer	Messer
Meßer	meßer
Messer	messer
Messer	Meßer
Messer	Messer
Messer	meßer
meßer	messer
meßer	Meßer
meßer	Messer
meßer	meßer
Locher	Stift
Locher	stift
locher	Stift
locher	stift
Pullover	Computer
Pullover	computer
pullover	Computer
pullover	computer
Ananas	heft
Ananas	Heft
ananas	heft
ananas	Heft
Radio	Computer
Radio	computer
radio	Computer
radio	computer
schule	Burg
schule	burg
Schule	Burg
Schule	burg
Orange	Orange
Orange	orange
orange	Orange
orange	orange
Zug	Arm
Zug	arm
zug	Arm
zug	arm
bluse	Erbse
bluse	erbse
Bluse	Erbse
Bluse	erbse
Flöte	Flöte
Flöte	Floete
Flöte	floete
Flöte	flöte
Floete	Flöte
Floete	Floete
Floete	floete
Floete	flöte
floete	Flöte
floete	Floete
floete	floete
floete	flöte
flöte	Flöte
flöte	Floete
flöte	floete
flöte	flöte
trampolin	katze
trampolin	Katze
Trampolin	katze
Trampolin	Katze
Telefon	Telefon
Telefon	telefon
telefon	Telefon
telefon	telefon
kirsche	Traube
kirsche	traube
Kirsche	Traube
Kirsche	traube
Hut	Hut
Hut	hut
hut	Hut
hut	hut
Zwiebel	Pilz
Zwiebel	pilz
zwiebel	Pilz
zwiebel	pilz
Roller	Roller
Roller	roller
roller	Roller
roller	roller
Traktor	Traktor
Traktor	traktor
traktor	Traktor
traktor	traktor
ameise	sofa
ameise	Sofa
Ameise	sofa
Ameise	Sofa
Schraube	bluse
Schraube	Bluse
schraube	bluse
schraube	Bluse
sieb	sieb
sieb	Sieb
Sieb	sieb
Sieb	Sieb
Kirche	Kirche
Kirche	kirche
kirche	Kirche
kirche	kirche
sofa	sofa
sofa	Sofa
Sofa	sofa
Sofa	Sofa
Locher	Locher
Locher	locher
locher	Locher
locher	locher
Schrank	Regal
Schrank	regal
schrank	Regal
schrank	regal
nase	gabel
nase	Gabel
Nase	gabel
Nase	Gabel
stuhl	stuhl
stuhl	Stuhl
Stuhl	stuhl
Stuhl	Stuhl
Ziege	Robbe
Ziege	robbe
ziege	Robbe
ziege	robbe
kleid	Hose
kleid	hose
Kleid	Hose
Kleid	hose
Tisch	Tisch
Tisch	tisch
tisch	Tisch
tisch	tisch
bett	bett
bett	Bett
Bett	bett
Bett	Bett
messer	stuhl
messer	Stuhl
Meßer	stuhl
Meßer	Stuhl
Messer	stuhl
Messer	Stuhl
meßer	stuhl
meßer	Stuhl
gurke	Erbse
gurke	erbse
Gurke	Erbse
Gurke	erbse
Zug	auto
Zug	Auto
zug	auto
zug	Auto
mund	mund
mund	Mund
Mund	mund
Mund	Mund
stuhl	bus
stuhl	Bus
Stuhl	bus
Stuhl	Bus
Kommode	Kommode
Kommode	kommode
kommode	Kommode
kommode	kommode
Birne	Roller
Birne	roller
birne	Roller
birne	roller
lineal	kartoffel
lineal	Kartoffel
Lineal	kartoffel
Lineal	Kartoffel
tuba	Geige
tuba	geige
Tuba	Geige
Tuba	geige
ameise	schwein
ameise	Schwein
Ameise	schwein
Ameise	Schwein
auto	fahrrad
auto	Fahrrad
Auto	fahrrad
Auto	Fahrrad
karotte	karotte
karotte	Karotte
Karotte	karotte
Karotte	Karotte
mund	lineal
mund	Lineal
Mund	lineal
Mund	Lineal
kirsche	Birne
kirsche	birne
Kirsche	Birne
Kirsche	birne
Klarinette	Gitarre
Klarinette	gitarre
klarinette	Gitarre
klarinette	gitarre
Hantel	Hantel
Hantel	hantel
hantel	Hantel
hantel	hantel
Gitarre	tuba
Gitarre	Tuba
gitarre	tuba
gitarre	Tuba
kiwi	kiwi
kiwi	Kiwi
Kiwi	kiwi
Kiwi	Kiwi
Harfe	Harfe
Harfe	harfe
harfe	Harfe
harfe	harfe
bus	Trompete
bus	trompete
Bus	Trompete
Bus	trompete
kleid	kleid
kleid	Kleid
Kleid	kleid
Kleid	Kleid
tuba	tuba
tuba	Tuba
Tuba	tuba
Tuba	Tuba
karotte	Zwiebel
karotte	zwiebel
Karotte	Zwiebel
Karotte	zwiebel
brokkoli	brokkoli
brokkoli	Brokkoli
Brokkoli	brokkoli
Brokkoli	Brokkoli
Trommel	Trommel
Trommel	trommel
trommel	Trommel
trommel	trommel
finger	Traktor
finger	traktor
Finger	Traktor
Finger	traktor
Orange	Hammer
Orange	hammer
orange	Hammer
orange	hammer
gurke	Flöte
gurke	Floete
gurke	floete
gurke	flöte
Gurke	Flöte
Gurke	Floete
Gurke	floete
Gurke	flöte
nagel	Ziege
nagel	ziege
Nagel	Ziege
Nagel	ziege
fahrrad	fahrrad
fahrrad	Fahrrad
Fahrrad	fahrrad
Fahrrad	Fahrrad
schwein	glas
schwein	Glas
Schwein	glas
Schwein	Glas
Banane	auto
Banane	Auto
banane	auto
banane	Auto
Mühle	Fabrik
Mühle	fabrik
mühle	Fabrik
mühle	fabrik
muehle	Fabrik
muehle	fabrik
Muehle	Fabrik
Muehle	fabrik
heft	lineal
heft	Lineal
Heft	lineal
Heft	Lineal
bus	bus
bus	Bus
Bus	bus
Bus	Bus
Zug	Zug
Zug	zug
zug	Zug
zug	zug
Säge	Säge
Säge	Saege
Säge	säge
Säge	saege
Saege	Säge
Saege	Saege
Saege	säge
Saege	saege
säge	Säge
säge	Saege
säge	säge
säge	saege
saege	Säge
saege	Saege
saege	säge
saege	saege
Traube	Orange
Traube	orange
traube	Orange
traube	orange
Seßel	Seßel
Seßel	seßel
Seßel	sessel
Seßel	Sessel
seßel	Seßel
seßel	seßel
seßel	sessel
seßel	Sessel
sessel	Seßel
sessel	seßel
sessel	sessel
sessel	Sessel
Sessel	Seßel
Sessel	seßel
Sessel	sessel
Sessel	Sessel
Säge	Gitarre
Säge	gitarre
Saege	Gitarre
Saege	gitarre
säge	Gitarre
säge	gitarre
saege	Gitarre
saege	gitarre
Geige	triangel
Geige	Triangel
geige	triangel
geige	Triangel
schuh	schuh
schuh	Schuh
Schuh	schuh
Schuh	Schuh
Hammer	bohne
Hammer	Bohne
hammer	bohne
hammer	Bohne
topf	topf
topf	Topf
Topf	topf
Topf	Topf
kartoffel	gurke
kartoffel	Gurke
Kartoffel	gurke
Kartoffel	Gurke
glas	glas
glas	Glas
Glas	glas
Glas	Glas
Arm	Arm
Arm	arm
arm	Arm
arm	arm
Boot	karotte
Boot	Karotte
boot	karotte
boot	Karotte
huette	Schrank
huette	schrank
Hütte	Schrank
Hütte	schrank
hütte	Schrank
hütte	schrank
Huette	Schrank
Huette	schrank
finger	knie
finger	Knie
Finger	knie
Finger	Knie
Kirche	Mühle
Kirche	mühle
Kirche	muehle
Kirche	Muehle
kirche	Mühle
kirche	mühle
kirche	muehle
kirche	Muehle
Schlaeger	Wolf
Schlaeger	wolf
schlaeger	Wolf
schlaeger	wolf
Schläger	Wolf
Schläger	wolf
schläger	Wolf
schläger	wolf
ameise	ameise
ameise	Ameise
Ameise	ameise
Ameise	Ameise
Delphin	messer
Delphin	Meßer
Delphin	Messer
Delphin	meßer
delphin	messer
delphin	Meßer
delphin	Messer
delphin	meßer
Computer	huette
Computer	Hütte
Computer	hütte
Computer	Huette
computer	huette
computer	Hütte
computer	hütte
computer	Huette
Pullover	Pullover
Pullover	pullover
pullover	Pullover
pullover	pullover
Orgel	Pilz
Orgel	pilz
orgel	Pilz
orgel	pilz
Kirche	Seßel
Kirche	seßel
Kirche	sessel
Kirche	Sessel
kirche	Seßel
kirche	seßel
kirche	sessel
kirche	Sessel
lineal	lineal
lineal	Lineal
Lineal	lineal
Lineal	Lineal
Telefon	Fernseher
Telefon	fernseher
telefon	Fernseher
telefon	fernseher
Kommode	stuhl
Kommode	Stuhl
kommode	stuhl
kommode	Stuhl
Schraube	Bohrer
Schraube	bohrer
schraube	Bohrer
schraube	bohrer
Bohrer	Bohrer
Bohrer	bohrer
bohrer	Bohrer
bohrer	bohrer
Hirsch	Delphin
Hirsch	delphin
hirsch	Delphin
hirsch	delphin
Bauch	fuss
Bauch	fuß
Bauch	Fuß
Bauch	Fuss
bauch	fuss
bauch	fuß
bauch	Fuß
bauch	Fuss
