Palast	Tempel
Palast	tempel
palast	Tempel
palast	tempel
kalb	Kaelbchen
kalb	Kälbchen
kalb	kälbchen
kalb	kaelbchen
Kalb	Kaelbchen
Kalb	Kälbchen
Kalb	kälbchen
Kalb	kaelbchen
weide	Alm
weide	alm
Weide	Alm
Weide	alm
kette	anhänger
kette	Anhänger
kette	Anhaenger
kette	anhaenger
Kette	anhänger
Kette	Anhänger
Kette	Anhaenger
Kette	anhaenger
Klavier	gitarre
Klavier	Gitarre
klavier	gitarre
klavier	Gitarre
Birke	ahorn
Birke	Ahorn
birke	ahorn
birke	Ahorn
Kosmos	Weltall
Kosmos	weltall
kosmos	Weltall
kosmos	weltall
Birke	baum
Birke	Baum
birke	baum
birke	Baum
felsen	hügel
felsen	Huegel
felsen	huegel
felsen	Hügel
Felsen	hügel
Felsen	Huegel
Felsen	huegel
Felsen	Hügel
kiwi	orange
kiwi	Orange
Kiwi	orange
Kiwi	Orange
schinken	salami
schinken	Salami
Schinken	salami
Schinken	Salami
stadt	oertchen
stadt	Oertchen
stadt	Örtchen
stadt	örtchen
Stadt	oertchen
Stadt	Oertchen
Stadt	Örtchen
Stadt	örtchen
weide	grünflaeche
weide	gruenfläche
weide	Grünfläche
weide	Gruenfläche
weide	grünfläche
weide	Gruenflaeche
weide	Grünflaeche
weide	gruenflaeche
Weide	grünflaeche
Weide	gruenfläche
Weide	Grünfläche
Weide	Gruenfläche
Weide	grünfläche
Weide	Gruenflaeche
Weide	Grünflaeche
Weide	gruenflaeche
schädel	thorax
schädel	Thorax
schaedel	thorax
schaedel	Thorax
Schaedel	thorax
Schaedel	Thorax
Schädel	thorax
Schädel	Thorax
Kirsche	Birne
Kirsche	birne
kirsche	Birne
kirsche	birne
klinik	Hospiz
klinik	hospiz
Klinik	Hospiz
Klinik	hospiz
donner	Gewitter
donner	gewitter
Donner	Gewitter
Donner	gewitter
ohr	finger
ohr	Finger
Ohr	finger
Ohr	Finger
Hemd	Unterhose
Hemd	unterhose
hemd	Unterhose
hemd	unterhose
erbse	bohne
erbse	Bohne
Erbse	bohne
Erbse	Bohne
Taube	vogel
Taube	Vogel
taube	vogel
taube	Vogel
stift	Radiergummi
stift	radiergummi
Stift	Radiergummi
Stift	radiergummi
stift	Schere
stift	schere
Stift	Schere
Stift	schere
Zimt	curry
Zimt	Curry
zimt	curry
zimt	Curry
jeans	Hosen
jeans	hosen
Jeans	Hosen
Jeans	hosen
keks	Gummibaerchen
keks	gummibärchen
keks	gummibaerchen
keks	Gummibärchen
Keks	Gummibaerchen
Keks	gummibärchen
Keks	gummibaerchen
Keks	Gummibärchen
donner	blitz
donner	Blitz
Donner	blitz
Donner	Blitz
Käse	wurst
Käse	Wurst
Kaese	wurst
Kaese	Wurst
käse	wurst
käse	Wurst
kaese	wurst
kaese	Wurst
Knie	Gelenk
Knie	gelenk
knie	Gelenk
knie	gelenk
Karton	schachtel
Karton	Schachtel
karton	schachtel
karton	Schachtel
ferkel	Kaelbchen
ferkel	Kälbchen
ferkel	kälbchen
ferkel	kaelbchen
Ferkel	Kaelbchen
Ferkel	Kälbchen
Ferkel	kälbchen
Ferkel	kaelbchen
magen	Darm
magen	darm
Magen	Darm
Magen	darm
nebel	Regen
nebel	regen
Nebel	Regen
Nebel	regen
jeans	Latzhose
jeans	latzhose
Jeans	Latzhose
Jeans	latzhose
heft	Ordner
heft	ordner
Heft	Ordner
Heft	ordner
Wolke	Sonne
Wolke	sonne
wolke	Sonne
wolke	sonne
Quark	butter
Quark	Butter
quark	butter
quark	Butter
roggen	kleie
roggen	Kleie
Roggen	kleie
Roggen	Kleie
neffe	onkel
neffe	Onkel
Neffe	onkel
Neffe	Onkel
Zeh	Ferse
Zeh	ferse
zeh	Ferse
zeh	ferse
Eiche	erle
Eiche	Erle
eiche	erle
eiche	Erle
bohne	erbsen
bohne	Erbsen
Bohne	erbsen
Bohne	Erbsen
bohne	Gemüse
bohne	Gemuese
bohne	gemuese
bohne	gemüse
Bohne	Gemüse
Bohne	Gemuese
Bohne	gemuese
Bohne	gemüse
leber	organ
leber	Organ
Leber	organ
Leber	Organ
straße	Bordstein
straße	bordstein
Straße	Bordstein
Straße	bordstein
Strasse	Bordstein
Strasse	bordstein
strasse	Bordstein
strasse	bordstein
Pfirsich	Nektarine
Pfirsich	nektarine
pfirsich	Nektarine
pfirsich	nektarine
esche	eibe
esche	Eibe
Esche	eibe
Esche	Eibe
axt	hammer
axt	Hammer
Axt	hammer
Axt	Hammer
kueche	Wohnzimmer
kueche	wohnzimmer
küche	Wohnzimmer
küche	wohnzimmer
Küche	Wohnzimmer
Küche	wohnzimmer
Kueche	Wohnzimmer
Kueche	wohnzimmer
zwiebel	knoblauch
zwiebel	Knoblauch
Zwiebel	knoblauch
Zwiebel	Knoblauch
Sofa	Bett
Sofa	bett
sofa	Bett
sofa	bett
mund	augen
mund	Augen
Mund	augen
Mund	Augen
hafer	Gerste
hafer	gerste
Hafer	Gerste
Hafer	gerste
Schrank	kleiderschrank
Schrank	Kleiderschrank
schrank	kleiderschrank
schrank	Kleiderschrank
Priester	Pastor
Priester	pastor
priester	Pastor
priester	pastor
Eisen	Metall
Eisen	metall
eisen	Metall
eisen	metall
jeans	Jogginghose
jeans	jogginghose
Jeans	Jogginghose
Jeans	jogginghose
Brot	Toast
Brot	toast
brot	Toast
brot	toast
Weltall	Galaxie
Weltall	galaxie
weltall	Galaxie
weltall	galaxie
saft	most
saft	Most
Saft	most
Saft	Most
klinik	ambulanz
klinik	Ambulanz
Klinik	ambulanz
Klinik	Ambulanz
Brot	butter
Brot	Butter
brot	butter
brot	Butter
Adler	Spatz
Adler	spatz
adler	Spatz
adler	spatz
schinken	wurst
schinken	Wurst
Schinken	wurst
Schinken	Wurst
Meise	Elster
Meise	elster
meise	Elster
meise	elster
Besteck	teller
Besteck	Teller
besteck	teller
besteck	Teller
Tuba	horn
Tuba	Horn
tuba	horn
tuba	Horn
Weizen	Gerste
Weizen	gerste
weizen	Gerste
weizen	gerste
schaefer	Mueller
schaefer	müller
schaefer	mueller
schaefer	Müller
Schäfer	Mueller
Schäfer	müller
Schäfer	mueller
Schäfer	Müller
Schaefer	Mueller
Schaefer	müller
Schaefer	mueller
Schaefer	Müller
schäfer	Mueller
schäfer	müller
schäfer	mueller
schäfer	Müller
Schaf	Tier
Schaf	tier
schaf	Tier
schaf	tier
pflaume	Zwetschge
pflaume	zwetschge
Pflaume	Zwetschge
Pflaume	zwetschge
Birke	ulme
Birke	Ulme
birke	ulme
birke	Ulme
schinken	lende
schinken	Lende
Schinken	lende
Schinken	Lende
neffe	Nichte
neffe	nichte
Neffe	Nichte
Neffe	nichte
stadt	land
stadt	Land
Stadt	land
Stadt	Land
moehre	Apfel
moehre	apfel
möhre	Apfel
möhre	apfel
Möhre	Apfel
Möhre	apfel
Moehre	Apfel
Moehre	apfel
Ruecken	schultern
Ruecken	Schultern
ruecken	schultern
ruecken	Schultern
rücken	schultern
rücken	Schultern
Rücken	schultern
Rücken	Schultern
heft	mappe
heft	Mappe
Heft	mappe
Heft	Mappe
kiste	box
kiste	Box
Kiste	box
Kiste	Box
gurke	tomate
gurke	Tomate
Gurke	tomate
Gurke	Tomate
Mond	Saturn
Mond	saturn
mond	Saturn
mond	saturn
kellner	Ober
kellner	ober
Kellner	Ober
Kellner	ober
Hemd	Hose
Hemd	hose
hemd	Hose
hemd	hose
vene	Arterie
vene	arterie
Vene	Arterie
Vene	arterie
axt	werkzeug
axt	Werkzeug
Axt	werkzeug
Axt	Werkzeug
saft	Wein
saft	wein
Saft	Wein
Saft	wein
kamin	ofen
kamin	Ofen
Kamin	ofen
Kamin	Ofen
mund	hand
mund	Hand
Mund	hand
Mund	Hand
Löwe	Gazelle
Löwe	gazelle
loewe	Gazelle
loewe	gazelle
löwe	Gazelle
löwe	gazelle
Loewe	Gazelle
Loewe	gazelle
Schrank	tisch
Schrank	Tisch
schrank	tisch
schrank	Tisch
planet	Weltall
planet	weltall
Planet	Weltall
Planet	weltall
weide	wiese
weide	Wiese
Weide	wiese
Weide	Wiese
Spinat	Ackersalat
Spinat	ackersalat
spinat	Ackersalat
spinat	ackersalat
saft	nektar
saft	Nektar
Saft	nektar
Saft	Nektar
Geige	Klavier
Geige	klavier
geige	Klavier
geige	klavier
umschlag	Brief
umschlag	brief
Umschlag	Brief
Umschlag	brief
Orgel	Klavier
Orgel	klavier
orgel	Klavier
orgel	klavier
Taube	Ratte
Taube	ratte
taube	Ratte
taube	ratte
Aufzug	lift
Aufzug	Lift
aufzug	lift
aufzug	Lift
stift	bleistift
stift	Bleistift
Stift	bleistift
Stift	Bleistift
Jacke	tshirt
Jacke	Tshirt
jacke	tshirt
jacke	Tshirt
Käse	schinken
Käse	Schinken
Kaese	schinken
Kaese	Schinken
käse	schinken
käse	Schinken
kaese	schinken
kaese	Schinken
meißel	Säge
meißel	Saege
meißel	saege
meißel	säge
Meissel	Säge
Meissel	Saege
Meissel	saege
Meissel	säge
meissel	Säge
meissel	Saege
meissel	saege
meissel	säge
Meißel	Säge
Meißel	Saege
Meißel	saege
Meißel	säge
keks	kuchen
keks	Kuchen
Keks	kuchen
Keks	Kuchen
planet	Stern
planet	stern
Planet	Stern
Planet	stern
stift	Fueller
stift	fueller
stift	füller
stift	Füller
Stift	Fueller
Stift	fueller
Stift	füller
Stift	Füller
Mango	Apfel
Mango	apfel
mango	Apfel
mango	apfel
Torte	Backwerk
Torte	backwerk
torte	Backwerk
torte	backwerk
Blei	kupfer
Blei	Kupfer
blei	kupfer
blei	Kupfer
Kosmos	Universum
Kosmos	universum
kosmos	Universum
kosmos	universum
paket	box
paket	Box
Paket	box
Paket	Box
Laken	Bettdecke
Laken	bettdecke
laken	Bettdecke
laken	bettdecke
maus	katze
maus	Katze
Maus	katze
Maus	Katze
Jacke	Pullover
Jacke	pullover
jacke	Pullover
jacke	pullover
kueche	Badezimmer
kueche	badezimmer
küche	Badezimmer
küche	badezimmer
Küche	Badezimmer
Küche	badezimmer
Kueche	Badezimmer
Kueche	badezimmer
Hagel	Regen
Hagel	regen
hagel	Regen
hagel	regen
Wolke	Regen
Wolke	regen
wolke	Regen
wolke	regen
meißel	Spachtel
meißel	spachtel
Meissel	Spachtel
Meissel	spachtel
meissel	Spachtel
meissel	spachtel
Meißel	Spachtel
Meißel	spachtel
Priester	pfarrer
Priester	Pfarrer
priester	pfarrer
priester	Pfarrer
Delfin	Wal
Delfin	wal
delfin	Wal
delfin	wal
klinik	Station
klinik	station
Klinik	Station
Klinik	station
kette	Armband
kette	armband
Kette	Armband
Kette	armband
Treppe	Aufzug
Treppe	aufzug
treppe	Aufzug
treppe	aufzug
stift	radierer
stift	Radierer
Stift	radierer
Stift	Radierer
Nichte	verwandtschaft
Nichte	Verwandtschaft
nichte	verwandtschaft
nichte	Verwandtschaft
kellner	Kassierer
kellner	kassierer
kellner	Kaßierer
kellner	kaßierer
Kellner	Kassierer
Kellner	kassierer
Kellner	Kaßierer
Kellner	kaßierer
fuss	hand
fuss	Hand
fuß	hand
fuß	Hand
Fuss	hand
Fuss	Hand
Fuß	hand
Fuß	Hand
huhn	schwein
huhn	Schwein
Huhn	schwein
Huhn	Schwein
hocker	Bank
hocker	bank
Hocker	Bank
Hocker	bank
bohrer	Schlagbohrmaschine
bohrer	schlagbohrmaschine
Bohrer	Schlagbohrmaschine
Bohrer	schlagbohrmaschine
Nonne	pfarrer
Nonne	Pfarrer
nonne	pfarrer
nonne	Pfarrer
nebel	wetter
nebel	Wetter
Nebel	wetter
Nebel	Wetter
Salz	zucker
Salz	Zucker
salz	zucker
salz	Zucker
kiwi	Zitrone
kiwi	zitrone
Kiwi	Zitrone
Kiwi	zitrone
Schaf	schäferhund
Schaf	Schäferhund
Schaf	Schaeferhund
Schaf	schaeferhund
schaf	schäferhund
schaf	Schäferhund
schaf	Schaeferhund
schaf	schaeferhund
auge	ohr
auge	Ohr
Auge	ohr
Auge	Ohr
Taube	Adler
Taube	adler
taube	Adler
taube	adler
Laken	bezug
Laken	Bezug
laken	bezug
laken	Bezug
auge	hand
auge	Hand
Auge	hand
Auge	Hand
Kissen	Matratze
Kissen	matratze
kissen	Matratze
kissen	matratze
Kißen	Matratze
Kißen	matratze
kißen	Matratze
kißen	matratze
Brief	postkarte
Brief	Postkarte
brief	postkarte
brief	Postkarte
Niere	magen
Niere	Magen
niere	magen
niere	Magen
Torte	keks
Torte	Keks
torte	keks
torte	Keks
krähe	Fink
krähe	fink
Krähe	Fink
Krähe	fink
Kraehe	Fink
Kraehe	fink
kraehe	Fink
kraehe	fink
Zimt	Piment
Zimt	piment
zimt	Piment
zimt	piment
silber	Eisen
silber	eisen
Silber	Eisen
Silber	eisen
kamin	heizkoerper
kamin	Heizkoerper
kamin	Heizkörper
kamin	heizkörper
Kamin	heizkoerper
Kamin	Heizkoerper
Kamin	Heizkörper
Kamin	heizkörper
Eiche	esche
Eiche	Esche
eiche	esche
eiche	Esche
Säge	hammer
Säge	Hammer
Saege	hammer
Saege	Hammer
saege	hammer
saege	Hammer
säge	hammer
säge	Hammer
wade	huefte
wade	hüfte
wade	Hüfte
wade	Huefte
Wade	huefte
Wade	hüfte
Wade	Hüfte
Wade	Huefte
Säge	Bohrmaschine
Säge	bohrmaschine
Saege	Bohrmaschine
Saege	bohrmaschine
saege	Bohrmaschine
saege	bohrmaschine
säge	Bohrmaschine
säge	bohrmaschine
guertel	Hose
guertel	hose
Gürtel	Hose
Gürtel	hose
Guertel	Hose
Guertel	hose
gürtel	Hose
gürtel	hose
kellner	tischler
kellner	Tischler
Kellner	tischler
Kellner	Tischler
schiff	auto
schiff	Auto
Schiff	auto
Schiff	Auto
Kleid	Hemd
Kleid	hemd
kleid	Hemd
kleid	hemd
wiese	steppe
wiese	Steppe
Wiese	steppe
Wiese	Steppe
Pfirsich	Mandarine
Pfirsich	mandarine
pfirsich	Mandarine
pfirsich	mandarine
Eiche	Buche
Eiche	buche
eiche	Buche
eiche	buche
Palast	haus
Palast	Haus
palast	haus
palast	Haus
schraube	hammer
schraube	Hammer
Schraube	hammer
Schraube	Hammer
Faust	hand
Faust	Hand
faust	hand
faust	Hand
fuss	Zeh
fuss	zeh
fuß	Zeh
fuß	zeh
Fuss	Zeh
Fuss	zeh
Fuß	Zeh
Fuß	zeh
Eisen	Aluminium
Eisen	aluminium
eisen	Aluminium
eisen	aluminium
Käse	milch
Käse	Milch
Kaese	milch
Kaese	Milch
käse	milch
käse	Milch
kaese	milch
kaese	Milch
Karton	paket
Karton	Paket
karton	paket
karton	Paket
zwiebel	Kartoffel
zwiebel	kartoffel
Zwiebel	Kartoffel
Zwiebel	kartoffel
Apfel	orange
Apfel	Orange
apfel	orange
apfel	Orange
Hagel	sturm
Hagel	Sturm
hagel	sturm
hagel	Sturm
stift	Lineal
stift	lineal
Stift	Lineal
Stift	lineal
urwald	wiese
urwald	Wiese
Urwald	wiese
Urwald	Wiese
auge	lippe
auge	Lippe
Auge	lippe
Auge	Lippe
schädel	elle
schädel	Elle
schaedel	elle
schaedel	Elle
Schaedel	elle
Schaedel	Elle
Schädel	elle
Schädel	Elle
planet	Sterne
planet	sterne
Planet	Sterne
Planet	sterne
saft	wasser
saft	waßer
saft	Waßer
saft	Wasser
Saft	wasser
Saft	waßer
Saft	Waßer
Saft	Wasser
Schaf	Ziege
Schaf	ziege
schaf	Ziege
schaf	ziege
mantel	Mütze
mantel	mütze
mantel	Muetze
mantel	muetze
Mantel	Mütze
Mantel	mütze
Mantel	Muetze
Mantel	muetze
guertel	knopf
guertel	Knopf
Gürtel	knopf
Gürtel	Knopf
Guertel	knopf
Guertel	Knopf
gürtel	knopf
gürtel	Knopf
moehre	paprika
moehre	Paprika
möhre	paprika
möhre	Paprika
Möhre	paprika
Möhre	Paprika
Moehre	paprika
Moehre	Paprika
doktor	pfleger
doktor	Pfleger
Doktor	pfleger
Doktor	Pfleger
couch	Stuhl
couch	stuhl
Couch	Stuhl
Couch	stuhl
krähe	vogel
krähe	Vogel
Krähe	vogel
Krähe	Vogel
Kraehe	vogel
Kraehe	Vogel
kraehe	vogel
kraehe	Vogel
ohr	hand
ohr	Hand
Ohr	hand
Ohr	Hand
Mond	Sonne
Mond	sonne
mond	Sonne
mond	sonne
jeans	Trenchcoat
jeans	trenchcoat
Jeans	Trenchcoat
Jeans	trenchcoat
Zeh	Nagel
Zeh	nagel
zeh	Nagel
zeh	nagel
Laken	Kissen
Laken	kissen
Laken	Kißen
Laken	kißen
laken	Kissen
laken	kissen
laken	Kißen
laken	kißen
esche	Tanne
esche	tanne
Esche	Tanne
Esche	tanne
Ruecken	rippen
Ruecken	Rippen
ruecken	rippen
ruecken	Rippen
rücken	rippen
rücken	Rippen
Rücken	rippen
Rücken	Rippen
weide	linde
weide	Linde
Weide	linde
Weide	Linde
kalb	fohlen
kalb	Fohlen
Kalb	fohlen
Kalb	Fohlen
Karton	Pappe
Karton	pappe
karton	Pappe
karton	pappe
magen	herz
magen	Herz
Magen	herz
Magen	Herz
Säge	werkzeug
Säge	Werkzeug
Saege	werkzeug
Saege	Werkzeug
saege	werkzeug
saege	Werkzeug
säge	werkzeug
säge	Werkzeug
schiff	Boot
schiff	boot
Schiff	Boot
Schiff	boot
guertel	Knöpfe
guertel	knöpfe
guertel	Knoepfe
guertel	knoepfe
Gürtel	Knöpfe
Gürtel	knöpfe
Gürtel	Knoepfe
Gürtel	knoepfe
Guertel	Knöpfe
Guertel	knöpfe
Guertel	Knoepfe
Guertel	knoepfe
gürtel	Knöpfe
gürtel	knöpfe
gürtel	Knoepfe
gürtel	knoepfe
heft	schreibwaren
heft	Schreibwaren
Heft	schreibwaren
Heft	Schreibwaren
doktor	Professor
doktor	professor
doktor	Profeßor
doktor	profeßor
Doktor	Professor
Doktor	professor
Doktor	Profeßor
Doktor	profeßor
finger	hand
finger	Hand
Finger	hand
Finger	Hand
traube	Birne
traube	birne
Traube	Birne
Traube	birne
fuss	bein
fuss	Bein
fuß	bein
fuß	Bein
Fuss	bein
Fuss	Bein
Fuß	bein
Fuß	Bein
Mango	Zitrone
Mango	zitrone
mango	Zitrone
mango	zitrone
erbse	karotte
erbse	Karotte
Erbse	karotte
Erbse	Karotte
auge	Augenbraue
auge	augenbraü
auge	Augenbraü
auge	augenbraue
Auge	Augenbraue
Auge	augenbraü
Auge	Augenbraü
Auge	augenbraue
huhn	gans
huhn	Gans
Huhn	gans
Huhn	Gans
Kleid	Jacke
Kleid	jacke
kleid	Jacke
kleid	jacke
auto	Verkehrsmittel
auto	verkehrsmittel
Auto	Verkehrsmittel
Auto	verkehrsmittel
traube	orange
traube	Orange
Traube	orange
Traube	Orange
planet	Universum
planet	universum
Planet	Universum
Planet	universum
Taube	amsel
Taube	Amsel
taube	amsel
taube	Amsel
hafer	hirse
hafer	Hirse
Hafer	hirse
Hafer	Hirse
wade	bein
wade	Bein
Wade	bein
Wade	Bein
Karton	Paeckchen
Karton	päckchen
Karton	paeckchen
Karton	Päckchen
karton	Paeckchen
karton	päckchen
karton	paeckchen
karton	Päckchen
Feile	Säge
Feile	Saege
Feile	saege
Feile	säge
feile	Säge
feile	Saege
feile	saege
feile	säge
Schrank	Bett
Schrank	bett
schrank	Bett
schrank	bett
hafer	dinkel
hafer	Dinkel
Hafer	dinkel
Hafer	Dinkel
Karton	kiste
Karton	Kiste
karton	kiste
karton	Kiste
Klavier	Orgel
Klavier	orgel
klavier	Orgel
klavier	orgel
Säge	Zollstock
Säge	zollstock
Saege	Zollstock
Saege	zollstock
saege	Zollstock
saege	zollstock
säge	Zollstock
säge	zollstock
kaiser	königin
kaiser	Koenigin
kaiser	koenigin
kaiser	Königin
Kaiser	königin
Kaiser	Koenigin
Kaiser	koenigin
Kaiser	Königin
mund	auge
mund	Auge
Mund	auge
Mund	Auge
ferkel	fohlen
ferkel	Fohlen
Ferkel	fohlen
Ferkel	Fohlen
Spinat	moehre
Spinat	möhre
Spinat	Möhre
Spinat	Moehre
spinat	moehre
spinat	möhre
spinat	Möhre
spinat	Moehre
doktor	aerztin
doktor	Ärztin
doktor	ärztin
doktor	Aerztin
Doktor	aerztin
Doktor	Ärztin
Doktor	ärztin
Doktor	Aerztin
Spinat	Mangold
Spinat	mangold
spinat	Mangold
spinat	mangold
Knie	Handgelenk
Knie	handgelenk
knie	Handgelenk
knie	handgelenk
wade	oberschenkel
wade	Oberschenkel
Wade	oberschenkel
Wade	Oberschenkel
couch	Seßel
couch	Sessel
couch	seßel
couch	sessel
Couch	Seßel
Couch	Sessel
Couch	seßel
Couch	sessel
krähe	Sperling
krähe	sperling
Krähe	Sperling
Krähe	sperling
Kraehe	Sperling
Kraehe	sperling
kraehe	Sperling
kraehe	sperling
Weizen	hirse
Weizen	Hirse
weizen	hirse
weizen	Hirse
Wolke	wetter
Wolke	Wetter
wolke	wetter
wolke	Wetter
esche	Eiche
esche	eiche
Esche	Eiche
Esche	eiche
Loeffel	Tasse
Loeffel	Taße
Loeffel	taße
Loeffel	tasse
loeffel	Tasse
loeffel	Taße
loeffel	taße
loeffel	tasse
löffel	Tasse
löffel	Taße
löffel	taße
löffel	tasse
Löffel	Tasse
Löffel	Taße
Löffel	taße
Löffel	tasse
Eisen	Zinn
Eisen	zinn
eisen	Zinn
eisen	zinn
Kueken	huhn
Kueken	Huhn
Küken	huhn
Küken	Huhn
küken	huhn
küken	Huhn
kueken	huhn
kueken	Huhn
paket	schachtel
paket	Schachtel
Paket	schachtel
Paket	Schachtel
Niere	Milz
Niere	milz
niere	Milz
niere	milz
Loeffel	Gabel
Loeffel	gabel
loeffel	Gabel
loeffel	gabel
löffel	Gabel
löffel	gabel
Löffel	Gabel
Löffel	gabel
weg	straße
weg	Straße
weg	Strasse
weg	strasse
Weg	straße
Weg	Straße
Weg	Strasse
Weg	strasse
Dorf	ort
Dorf	Ort
dorf	ort
dorf	Ort
Pfirsich	Kirsche
Pfirsich	kirsche
pfirsich	Kirsche
pfirsich	kirsche
weide	Eiche
weide	eiche
Weide	Eiche
Weide	eiche
Tiger	Baer
Tiger	bär
Tiger	Bär
Tiger	baer
tiger	Baer
tiger	bär
tiger	Bär
tiger	baer
Mango	obst
Mango	Obst
mango	obst
mango	Obst
meer	fluß
meer	Fluss
meer	Fluß
meer	fluss
Meer	fluß
Meer	Fluss
Meer	Fluß
Meer	fluss
heft	stift
heft	Stift
Heft	stift
Heft	Stift
vene	Ader
vene	ader
Vene	Ader
Vene	ader
hocker	Stuhl
hocker	stuhl
Hocker	Stuhl
Hocker	stuhl
schinken	Käse
schinken	Kaese
schinken	käse
schinken	kaese
Schinken	Käse
Schinken	Kaese
Schinken	käse
Schinken	kaese
straße	pfad
straße	Pfad
Straße	pfad
Straße	Pfad
Strasse	pfad
Strasse	Pfad
strasse	pfad
strasse	Pfad
Stuhl	hocker
Stuhl	Hocker
stuhl	hocker
stuhl	Hocker
auto	Fahrrad
auto	fahrrad
Auto	Fahrrad
Auto	fahrrad
Treppe	Stufe
Treppe	stufe
treppe	Stufe
treppe	stufe
weide	fichte
weide	Fichte
Weide	fichte
Weide	Fichte
Birke	Eiche
Birke	eiche
birke	Eiche
birke	eiche
wiese	Feld
wiese	feld
Wiese	Feld
Wiese	feld
saft	Bier
saft	bier
Saft	Bier
Saft	bier
Schwester	vater
Schwester	Vater
schwester	vater
schwester	Vater
Armband	halskette
Armband	Halskette
armband	halskette
armband	Halskette
Salz	pfeffer
Salz	Pfeffer
salz	pfeffer
salz	Pfeffer
bohrer	Akku
bohrer	akku
Bohrer	Akku
Bohrer	akku
magen	auge
magen	Auge
Magen	auge
Magen	Auge
Weltall	Atmosphäre
Weltall	atmosphaere
Weltall	atmosphäre
Weltall	Atmosphaere
weltall	Atmosphäre
weltall	atmosphaere
weltall	atmosphäre
weltall	Atmosphaere
Sofa	couch
Sofa	Couch
sofa	couch
sofa	Couch
maus	tastatur
maus	Tastatur
Maus	tastatur
Maus	Tastatur
ferkel	Lamm
ferkel	lamm
Ferkel	Lamm
Ferkel	lamm
hahn	huhn
hahn	Huhn
Hahn	huhn
Hahn	Huhn
kalb	ferkel
kalb	Ferkel
Kalb	ferkel
Kalb	Ferkel
nebel	Hagel
nebel	hagel
Nebel	Hagel
Nebel	hagel
Blei	Eisen
Blei	eisen
blei	Eisen
blei	eisen
stadt	Dorf
stadt	dorf
Stadt	Dorf
Stadt	dorf
schädel	becken
schädel	Becken
schaedel	becken
schaedel	Becken
Schaedel	becken
Schaedel	Becken
Schädel	becken
Schädel	Becken
weide	Feld
weide	feld
Weide	Feld
Weide	feld
Weltall	Kosmos
Weltall	kosmos
weltall	Kosmos
weltall	kosmos
Orgel	harfe
Orgel	Harfe
orgel	harfe
orgel	Harfe
Apfel	apfelsine
Apfel	Apfelsine
apfel	apfelsine
apfel	Apfelsine
Palast	Burg
Palast	burg
palast	Burg
palast	burg
hai	Delfin
hai	delfin
Hai	Delfin
Hai	delfin
klinik	psychiatrie
klinik	Psychiatrie
Klinik	psychiatrie
Klinik	Psychiatrie
Weizen	roggen
Weizen	Roggen
weizen	roggen
weizen	Roggen
Kirsche	Pfirsich
Kirsche	pfirsich
kirsche	Pfirsich
kirsche	pfirsich
stift	kuli
stift	Kuli
Stift	kuli
Stift	Kuli
Feile	hammer
Feile	Hammer
feile	hammer
feile	Hammer
huhn	Henne
huhn	henne
Huhn	Henne
Huhn	henne
Schrank	regal
Schrank	Regal
schrank	regal
schrank	Regal
Mango	Avocado
Mango	avocado
mango	Avocado
mango	avocado
guertel	Schnalle
guertel	schnalle
Gürtel	Schnalle
Gürtel	schnalle
Guertel	Schnalle
Guertel	schnalle
gürtel	Schnalle
gürtel	schnalle
guertel	Schuhe
guertel	schuhe
Gürtel	Schuhe
Gürtel	schuhe
Guertel	Schuhe
Guertel	schuhe
gürtel	Schuhe
gürtel	schuhe
vene	Sehne
vene	sehne
Vene	Sehne
Vene	sehne
bohrer	Nagel
bohrer	nagel
Bohrer	Nagel
Bohrer	nagel
Brief	Papier
Brief	papier
brief	Papier
brief	papier
bohrer	Schrauber
bohrer	schrauber
Bohrer	Schrauber
Bohrer	schrauber
Jacke	jeans
Jacke	Jeans
jacke	jeans
jacke	Jeans
Spinat	erbsen
Spinat	Erbsen
spinat	erbsen
spinat	Erbsen
Jacke	mantel
Jacke	Mantel
jacke	mantel
jacke	Mantel
Spinat	Gemüse
Spinat	Gemuese
Spinat	gemuese
Spinat	gemüse
spinat	Gemüse
spinat	Gemuese
spinat	gemuese
spinat	gemüse
Birke	Pappel
Birke	pappel
birke	Pappel
birke	pappel
Arzt	Zahnarzt
Arzt	zahnarzt
arzt	Zahnarzt
arzt	zahnarzt
hai	fisch
hai	Fisch
Hai	fisch
Hai	Fisch
Kirsche	traube
Kirsche	Traube
kirsche	traube
kirsche	Traube
schaefer	beruf
schaefer	Beruf
Schäfer	beruf
Schäfer	Beruf
Schaefer	beruf
Schaefer	Beruf
schäfer	beruf
schäfer	Beruf
Schrank	nachttisch
Schrank	Nachttisch
schrank	nachttisch
schrank	Nachttisch
Ruecken	nacken
Ruecken	Nacken
ruecken	nacken
ruecken	Nacken
rücken	nacken
rücken	Nacken
Rücken	nacken
Rücken	Nacken
Adler	Moewe
Adler	moewe
Adler	Möwe
Adler	möwe
adler	Moewe
adler	moewe
adler	Möwe
adler	möwe
maus	Maulwurf
maus	maulwurf
Maus	Maulwurf
Maus	maulwurf
gurke	paprika
gurke	Paprika
Gurke	paprika
Gurke	Paprika
maus	Ratte
maus	ratte
Maus	Ratte
Maus	ratte
Taube	Spatz
Taube	spatz
taube	Spatz
taube	spatz
wiese	wald
wiese	Wald
Wiese	wald
Wiese	Wald
Tante	onkel
Tante	Onkel
tante	onkel
tante	Onkel
umschlag	postkarte
umschlag	Postkarte
Umschlag	postkarte
Umschlag	Postkarte
krähe	Adler
krähe	adler
Krähe	Adler
Krähe	adler
Kraehe	Adler
Kraehe	adler
kraehe	Adler
kraehe	adler
Teich	fluß
Teich	Fluss
Teich	Fluß
Teich	fluss
teich	fluß
teich	Fluss
teich	Fluß
teich	fluss
Geige	Violine
Geige	violine
geige	Violine
geige	violine
moehre	karotte
moehre	Karotte
möhre	karotte
möhre	Karotte
Möhre	karotte
Möhre	Karotte
Moehre	karotte
Moehre	Karotte
Brief	Karte
Brief	karte
brief	Karte
brief	karte
ohr	auge
ohr	Auge
Ohr	auge
Ohr	Auge
Tuba	Klavier
Tuba	klavier
tuba	Klavier
tuba	klavier
fuss	Faust
fuss	faust
fuß	Faust
fuß	faust
Fuss	Faust
Fuss	faust
Fuß	Faust
Fuß	faust
meer	see
meer	See
Meer	see
Meer	See
kellner	hotelier
kellner	Hotelier
Kellner	hotelier
Kellner	Hotelier
wade	elle
wade	Elle
Wade	elle
Wade	Elle
Zange	Schraubenzieher
Zange	schraubenzieher
zange	Schraubenzieher
zange	schraubenzieher
Spinat	Brokkoli
Spinat	brokkoli
spinat	Brokkoli
spinat	brokkoli
urwald	Tropen
urwald	tropen
Urwald	Tropen
Urwald	tropen
bohne	erdbeere
bohne	Erdbeere
Bohne	erdbeere
Bohne	Erdbeere
schiff	Kahn
schiff	kahn
Schiff	Kahn
Schiff	kahn
Hemd	Anzug
Hemd	anzug
hemd	Anzug
hemd	anzug
schädel	ohr
schädel	Ohr
schaedel	ohr
schaedel	Ohr
Schaedel	ohr
Schaedel	Ohr
Schädel	ohr
Schädel	Ohr
jeans	tshirt
jeans	Tshirt
Jeans	tshirt
Jeans	Tshirt
Eisen	Stahl
Eisen	stahl
eisen	Stahl
eisen	stahl
Brief	Paeckchen
Brief	päckchen
Brief	paeckchen
Brief	Päckchen
brief	Paeckchen
brief	päckchen
brief	paeckchen
brief	Päckchen
felsen	berg
felsen	Berg
Felsen	berg
Felsen	Berg
urwald	Feld
urwald	feld
Urwald	Feld
Urwald	feld
Kleid	Hose
Kleid	hose
kleid	Hose
kleid	hose
lift	Fahrstuhl
lift	fahrstuhl
Lift	Fahrstuhl
Lift	fahrstuhl
Nonne	Priester
Nonne	priester
nonne	Priester
nonne	priester
kalb	rind
kalb	Rind
Kalb	rind
Kalb	Rind
hahn	Geflügel
hahn	geflügel
hahn	Gefluegel
hahn	gefluegel
Hahn	Geflügel
Hahn	geflügel
Hahn	Gefluegel
Hahn	gefluegel
jeans	rock
jeans	Rock
Jeans	rock
Jeans	Rock
jeans	Stoffhose
jeans	stoffhose
Jeans	Stoffhose
Jeans	stoffhose
Delfin	thunfisch
Delfin	Thunfisch
delfin	thunfisch
delfin	Thunfisch
Zange	Schere
Zange	schere
zange	Schere
zange	schere
Löwe	gepard
Löwe	Gepard
loewe	gepard
loewe	Gepard
löwe	gepard
löwe	Gepard
Loewe	gepard
Loewe	Gepard
Geige	Kontrabaß
Geige	kontrabass
Geige	kontrabaß
Geige	Kontrabass
geige	Kontrabaß
geige	kontrabass
geige	kontrabaß
geige	Kontrabass
Brief	Briefumschlag
Brief	briefumschlag
brief	Briefumschlag
brief	briefumschlag
maus	käfer
maus	Kaefer
maus	Käfer
maus	kaefer
Maus	käfer
Maus	Kaefer
Maus	Käfer
Maus	kaefer
Laken	decke
Laken	Decke
laken	decke
laken	Decke
schädel	Knochen
schädel	knochen
schaedel	Knochen
schaedel	knochen
Schaedel	Knochen
Schaedel	knochen
Schädel	Knochen
Schädel	knochen
gurke	zucchini
gurke	Zucchini
Gurke	zucchini
Gurke	Zucchini
kiwi	vogel
kiwi	Vogel
Kiwi	vogel
Kiwi	Vogel
Kueken	Henne
Kueken	henne
Küken	Henne
Küken	henne
küken	Henne
küken	henne
kueken	Henne
kueken	henne
ferkel	Kaetzchen
ferkel	kaetzchen
ferkel	Kätzchen
ferkel	kätzchen
Ferkel	Kaetzchen
Ferkel	kaetzchen
Ferkel	Kätzchen
Ferkel	kätzchen
Teich	gewaeßer
Teich	gewaesser
Teich	Gewaeßer
Teich	gewässer
Teich	gewäßer
Teich	Gewässer
Teich	Gewäßer
Teich	Gewaesser
teich	gewaeßer
teich	gewaesser
teich	Gewaeßer
teich	gewässer
teich	gewäßer
teich	Gewässer
teich	Gewäßer
teich	Gewaesser
Meise	rotkehlchen
Meise	Rotkehlchen
meise	rotkehlchen
meise	Rotkehlchen
Quark	Nahrung
Quark	nahrung
quark	Nahrung
quark	nahrung
Torte	Muffin
Torte	muffin
torte	Muffin
torte	muffin
Säge	schraube
Säge	Schraube
Saege	schraube
Saege	Schraube
saege	schraube
saege	Schraube
säge	schraube
säge	Schraube
Burg	zinne
Burg	Zinne
burg	zinne
burg	Zinne
bohne	erbse
bohne	Erbse
Bohne	erbse
Bohne	Erbse
Hemd	bluse
Hemd	Bluse
hemd	bluse
hemd	Bluse
Kleid	blazer
Kleid	Blazer
kleid	blazer
kleid	Blazer
paket	Brief
paket	brief
Paket	Brief
Paket	brief
Kueken	Kaelbchen
Kueken	Kälbchen
Kueken	kälbchen
Kueken	kaelbchen
Küken	Kaelbchen
Küken	Kälbchen
Küken	kälbchen
Küken	kaelbchen
küken	Kaelbchen
küken	Kälbchen
küken	kälbchen
küken	kaelbchen
kueken	Kaelbchen
kueken	Kälbchen
kueken	kälbchen
kueken	kaelbchen
Käse	Brot
Käse	brot
Kaese	Brot
Kaese	brot
käse	Brot
käse	brot
kaese	Brot
kaese	brot
Mango	maracuja
Mango	Maracuja
mango	maracuja
mango	Maracuja
stift	Kugelschreiber
stift	kugelschreiber
Stift	Kugelschreiber
Stift	kugelschreiber
Zimt	kardamom
Zimt	Kardamom
zimt	kardamom
zimt	Kardamom
planet	Asteroid
planet	asteroid
Planet	Asteroid
Planet	asteroid
kiste	Truhe
kiste	truhe
Kiste	Truhe
Kiste	truhe
Mond	Sterne
Mond	sterne
mond	Sterne
mond	sterne
schaefer	baür
schaefer	Bauer
schaefer	Baür
schaefer	bauer
Schäfer	baür
Schäfer	Bauer
Schäfer	Baür
Schäfer	bauer
Schaefer	baür
Schaefer	Bauer
Schaefer	Baür
Schaefer	bauer
schäfer	baür
schäfer	Bauer
schäfer	Baür
schäfer	bauer
wade	Schienbein
wade	schienbein
Wade	Schienbein
Wade	schienbein
hahn	Waschbecken
hahn	waschbecken
Hahn	Waschbecken
Hahn	waschbecken
Zange	Feile
Zange	feile
zange	Feile
zange	feile
felsen	Geroell
felsen	geröll
felsen	Geröll
felsen	geroell
Felsen	Geroell
Felsen	geröll
Felsen	Geröll
Felsen	geroell
hahn	Henne
hahn	henne
Hahn	Henne
Hahn	henne
Tiger	esel
Tiger	Esel
tiger	esel
tiger	Esel
tischler	Zimmermann
tischler	zimmermann
Tischler	Zimmermann
Tischler	zimmermann
krähe	rabe
krähe	Rabe
Krähe	rabe
Krähe	Rabe
Kraehe	rabe
Kraehe	Rabe
kraehe	rabe
kraehe	Rabe
kanal	meer
kanal	Meer
Kanal	meer
Kanal	Meer
mantel	anorak
mantel	Anorak
Mantel	anorak
Mantel	Anorak
Spinat	Salat
Spinat	salat
spinat	Salat
spinat	salat
nebel	sturm
nebel	Sturm
Nebel	sturm
Nebel	Sturm
Besteck	Loeffel
Besteck	loeffel
Besteck	löffel
Besteck	Löffel
besteck	Loeffel
besteck	loeffel
besteck	löffel
besteck	Löffel
Palast	festung
Palast	Festung
palast	festung
palast	Festung
Sofa	Moebel
Sofa	möbel
Sofa	moebel
Sofa	Möbel
sofa	Moebel
sofa	möbel
sofa	moebel
sofa	Möbel
Stuhl	Seßel
Stuhl	Sessel
Stuhl	seßel
Stuhl	sessel
stuhl	Seßel
stuhl	Sessel
stuhl	seßel
stuhl	sessel
guertel	hosentraeger
guertel	Hosentraeger
guertel	Hosenträger
guertel	hosenträger
Gürtel	hosentraeger
Gürtel	Hosentraeger
Gürtel	Hosenträger
Gürtel	hosenträger
Guertel	hosentraeger
Guertel	Hosentraeger
Guertel	Hosenträger
Guertel	hosenträger
gürtel	hosentraeger
gürtel	Hosentraeger
gürtel	Hosenträger
gürtel	hosenträger
maus	hamster
maus	Hamster
Maus	hamster
Maus	Hamster
maus	Tier
maus	tier
Maus	Tier
Maus	tier
ferkel	Kueken
ferkel	Küken
ferkel	küken
ferkel	kueken
Ferkel	Kueken
Ferkel	Küken
Ferkel	küken
Ferkel	kueken
schinken	speck
schinken	Speck
Schinken	speck
Schinken	Speck
see	meer
see	Meer
See	meer
See	Meer
Kürbis	Gemüse
Kürbis	Gemuese
Kürbis	gemuese
Kürbis	gemüse
kuerbis	Gemüse
kuerbis	Gemuese
kuerbis	gemuese
kuerbis	gemüse
Kuerbis	Gemüse
Kuerbis	Gemuese
Kuerbis	gemuese
Kuerbis	gemüse
kürbis	Gemüse
kürbis	Gemuese
kürbis	gemuese
kürbis	gemüse
Mango	orange
Mango	Orange
mango	orange
mango	Orange
Gerste	roggen
Gerste	Roggen
gerste	roggen
gerste	Roggen
kiwi	Ananas
kiwi	ananas
Kiwi	Ananas
Kiwi	ananas
Ruecken	brust
Ruecken	Brust
ruecken	brust
ruecken	Brust
rücken	brust
rücken	Brust
Rücken	brust
Rücken	Brust
Apfel	Kirsche
Apfel	kirsche
apfel	Kirsche
apfel	kirsche
schädel	Wirbelsaeule
schädel	wirbelsaeule
schädel	Wirbelsäule
schädel	wirbelsäule
schaedel	Wirbelsaeule
schaedel	wirbelsaeule
schaedel	Wirbelsäule
schaedel	wirbelsäule
Schaedel	Wirbelsaeule
Schaedel	wirbelsaeule
Schaedel	Wirbelsäule
Schaedel	wirbelsäule
Schädel	Wirbelsaeule
Schädel	wirbelsaeule
Schädel	Wirbelsäule
Schädel	wirbelsäule
kaffee	Orangensaft
kaffee	orangensaft
Kaffee	Orangensaft
Kaffee	orangensaft
Hagel	schnee
Hagel	Schnee
hagel	schnee
hagel	Schnee
Geige	Klarinette
Geige	klarinette
geige	Klarinette
geige	klarinette
Kosmos	milchstrasse
Kosmos	milchstraße
Kosmos	Milchstraße
Kosmos	Milchstrasse
kosmos	milchstrasse
kosmos	milchstraße
kosmos	Milchstraße
kosmos	Milchstrasse
gurke	moehre
gurke	möhre
gurke	Möhre
gurke	Moehre
Gurke	moehre
Gurke	möhre
Gurke	Möhre
Gurke	Moehre
hai	Wal
hai	wal
Hai	Wal
Hai	wal
leber	Niere
leber	niere
Leber	Niere
Leber	niere
gurke	karotte
gurke	Karotte
Gurke	karotte
Gurke	Karotte
Löwe	Tier
Löwe	tier
loewe	Tier
loewe	tier
löwe	Tier
löwe	tier
Loewe	Tier
Loewe	tier
Priester	Nonne
Priester	nonne
priester	Nonne
priester	nonne
mund	ohr
mund	Ohr
Mund	ohr
Mund	Ohr
zwiebel	gurke
zwiebel	Gurke
Zwiebel	gurke
Zwiebel	Gurke
kueche	Bad
kueche	bad
küche	Bad
küche	bad
Küche	Bad
Küche	bad
Kueche	Bad
Kueche	bad
finger	Zehe
finger	zehe
Finger	Zehe
Finger	zehe
Dusche	Wanne
Dusche	wanne
dusche	Wanne
dusche	wanne
Wolke	nebel
Wolke	Nebel
wolke	nebel
wolke	Nebel
Dusche	Waschbecken
Dusche	waschbecken
dusche	Waschbecken
dusche	waschbecken
umschlag	paket
umschlag	Paket
Umschlag	paket
Umschlag	Paket
Loeffel	Meßer
Loeffel	Messer
Loeffel	messer
Loeffel	meßer
loeffel	Meßer
loeffel	Messer
loeffel	messer
loeffel	meßer
löffel	Meßer
löffel	Messer
löffel	messer
löffel	meßer
Löffel	Meßer
Löffel	Messer
Löffel	messer
Löffel	meßer
heft	kalender
heft	Kalender
Heft	kalender
Heft	Kalender
Kosmos	galaxis
Kosmos	Galaxis
kosmos	galaxis
kosmos	Galaxis
Schrank	kommode
Schrank	Kommode
schrank	kommode
schrank	Kommode
krähe	Taube
krähe	taube
Krähe	Taube
Krähe	taube
Kraehe	Taube
Kraehe	taube
kraehe	Taube
kraehe	taube
Zimt	anis
Zimt	Anis
zimt	anis
zimt	Anis
Kissen	bettzeug
Kissen	Bettzeug
kissen	bettzeug
kissen	Bettzeug
Kißen	bettzeug
Kißen	Bettzeug
kißen	bettzeug
kißen	Bettzeug
Klavier	Querflöte
Klavier	qürfloete
Klavier	Qürflöte
Klavier	Qürfloete
Klavier	querfloete
Klavier	qürflöte
Klavier	Querfloete
Klavier	querflöte
klavier	Querflöte
klavier	qürfloete
klavier	Qürflöte
klavier	Qürfloete
klavier	querfloete
klavier	qürflöte
klavier	Querfloete
klavier	querflöte
Bier	getraenk
Bier	Getraenk
Bier	getränk
Bier	Getränk
bier	getraenk
bier	Getraenk
bier	getränk
bier	Getränk
keks	Schokolade
keks	schokolade
Keks	Schokolade
Keks	schokolade
Gerste	Weizen
Gerste	weizen
gerste	Weizen
gerste	weizen
Weltall	Erde
Weltall	erde
weltall	Erde
weltall	erde
Besteck	geschirr
Besteck	Geschirr
besteck	geschirr
besteck	Geschirr
daumen	ringfinger
daumen	Ringfinger
Daumen	ringfinger
Daumen	Ringfinger
Geige	saxofon
Geige	Saxofon
geige	saxofon
geige	Saxofon
Tiger	leopard
Tiger	Leopard
tiger	leopard
tiger	Leopard
Armband	armbanduhr
Armband	Armbanduhr
armband	armbanduhr
armband	Armbanduhr
Klavier	harfe
Klavier	Harfe
klavier	harfe
klavier	Harfe
Pappe	pappmaschee
Pappe	Pappmaschee
pappe	pappmaschee
pappe	Pappmaschee
Schaf	hund
Schaf	Hund
schaf	hund
schaf	Hund
hocker	tisch
hocker	Tisch
Hocker	tisch
Hocker	Tisch
kellner	koch
kellner	Koch
Kellner	koch
Kellner	Koch
pflaume	aprikose
pflaume	Aprikose
Pflaume	aprikose
Pflaume	Aprikose
Klavier	Bass
Klavier	Baß
Klavier	baß
Klavier	bass
klavier	Bass
klavier	Baß
klavier	baß
klavier	bass
felsen	gestein
felsen	Gestein
Felsen	gestein
Felsen	Gestein
traube	Wein
traube	wein
Traube	Wein
Traube	wein
Kürbis	Aubergine
Kürbis	aubergine
kuerbis	Aubergine
kuerbis	aubergine
Kuerbis	Aubergine
Kuerbis	aubergine
kürbis	Aubergine
kürbis	aubergine
Knie	bein
Knie	Bein
knie	bein
knie	Bein
Pfirsich	pflaume
Pfirsich	Pflaume
pfirsich	pflaume
pfirsich	Pflaume
wade	fuss
wade	fuß
wade	Fuss
wade	Fuß
Wade	fuss
Wade	fuß
Wade	Fuss
Wade	Fuß
Löwe	Hyäne
Löwe	hyaene
Löwe	hyäne
Löwe	Hyaene
loewe	Hyäne
loewe	hyaene
loewe	hyäne
loewe	Hyaene
löwe	Hyäne
löwe	hyaene
löwe	hyäne
löwe	Hyaene
Loewe	Hyäne
Loewe	hyaene
Loewe	hyäne
Loewe	Hyaene
Feile	Zange
Feile	zange
feile	Zange
feile	zange
weide	gras
weide	Gras
Weide	gras
Weide	Gras
Weltall	Planeten
Weltall	planeten
weltall	Planeten
weltall	planeten
tischler	fleischer
tischler	Fleischer
Tischler	fleischer
Tischler	Fleischer
traube	erdbeere
traube	Erdbeere
Traube	erdbeere
Traube	Erdbeere
traube	beere
traube	Beere
Traube	beere
Traube	Beere
Apfel	Birne
Apfel	birne
apfel	Birne
apfel	birne
pflaume	Kirsche
pflaume	kirsche
Pflaume	Kirsche
Pflaume	kirsche
Ader	muskel
Ader	Muskel
ader	muskel
ader	Muskel
Laken	Bettbezug
Laken	bettbezug
laken	Bettbezug
laken	bettbezug
Adler	vogel
Adler	Vogel
adler	vogel
adler	Vogel
pflaume	Pfirsich
pflaume	pfirsich
Pflaume	Pfirsich
Pflaume	pfirsich
bohrer	Schraubenzieher
bohrer	schraubenzieher
Bohrer	Schraubenzieher
Bohrer	schraubenzieher
kette	Fahrrad
kette	fahrrad
Kette	Fahrrad
Kette	fahrrad
Eisen	Nickel
Eisen	nickel
eisen	Nickel
eisen	nickel
Nichte	neffe
Nichte	Neffe
nichte	neffe
nichte	Neffe
Burg	schloss
Burg	schloß
Burg	Schloß
Burg	Schloss
burg	schloss
burg	schloß
burg	Schloß
burg	Schloss
Karton	Papier
Karton	papier
karton	Papier
karton	papier
meißel	hammer
meißel	Hammer
Meissel	hammer
Meissel	Hammer
meissel	hammer
meissel	Hammer
Meißel	hammer
Meißel	Hammer
Sofa	Schrank
Sofa	schrank
sofa	Schrank
sofa	schrank
bohne	Mais
bohne	mais
Bohne	Mais
Bohne	mais
Eiche	ahorn
Eiche	Ahorn
eiche	ahorn
eiche	Ahorn
Hemd	weste
Hemd	Weste
hemd	weste
hemd	Weste
weide	steppe
weide	Steppe
Weide	steppe
Weide	Steppe
Orgel	Trompete
Orgel	trompete
orgel	Trompete
orgel	trompete
Jacke	Hemd
Jacke	hemd
jacke	Hemd
jacke	hemd
Ader	körper
Ader	Körper
Ader	koerper
Ader	Koerper
ader	körper
ader	Körper
ader	koerper
ader	Koerper
Armband	uhr
Armband	Uhr
armband	uhr
armband	Uhr
Besteck	tassen
Besteck	Tassen
Besteck	taßen
Besteck	Taßen
besteck	tassen
besteck	Tassen
besteck	taßen
besteck	Taßen
see	Teich
see	teich
See	Teich
See	teich
hafer	hopfen
hafer	Hopfen
Hafer	hopfen
Hafer	Hopfen
mund	gesicht
mund	Gesicht
Mund	gesicht
Mund	Gesicht
Zeh	fuss
Zeh	fuß
Zeh	Fuss
Zeh	Fuß
zeh	fuss
zeh	fuß
zeh	Fuss
zeh	Fuß
stift	Pinsel
stift	pinsel
Stift	Pinsel
Stift	pinsel
Kosmos	Galaxie
Kosmos	galaxie
kosmos	Galaxie
kosmos	galaxie
wiese	weide
wiese	Weide
Wiese	weide
Wiese	Weide
straße	Fußweg
straße	fussweg
straße	fußweg
straße	Fussweg
Straße	Fußweg
Straße	fussweg
Straße	fußweg
Straße	Fussweg
Strasse	Fußweg
Strasse	fussweg
Strasse	fußweg
Strasse	Fussweg
strasse	Fußweg
strasse	fussweg
strasse	fußweg
strasse	Fussweg
felsen	stein
felsen	Stein
Felsen	stein
Felsen	Stein
Zange	Säge
Zange	Saege
Zange	saege
Zange	säge
zange	Säge
zange	Saege
zange	saege
zange	säge
zwiebel	Gemüse
zwiebel	Gemuese
zwiebel	gemuese
zwiebel	gemüse
Zwiebel	Gemüse
Zwiebel	Gemuese
Zwiebel	gemuese
Zwiebel	gemüse
Arm	hand
Arm	Hand
arm	hand
arm	Hand
guertel	Kleidung
guertel	kleidung
Gürtel	Kleidung
Gürtel	kleidung
Guertel	Kleidung
Guertel	kleidung
gürtel	Kleidung
gürtel	kleidung
Torte	kuchen
Torte	Kuchen
torte	kuchen
torte	Kuchen
umschlag	Ordner
umschlag	ordner
Umschlag	Ordner
Umschlag	ordner
Treppe	Fahrstuhl
Treppe	fahrstuhl
treppe	Fahrstuhl
treppe	fahrstuhl
Meise	Fink
Meise	fink
meise	Fink
meise	fink
Säge	bohrer
Säge	Bohrer
Saege	bohrer
Saege	Bohrer
saege	bohrer
saege	Bohrer
säge	bohrer
säge	Bohrer
esche	weide
esche	Weide
Esche	weide
Esche	Weide
kiwi	Banane
kiwi	banane
Kiwi	Banane
Kiwi	banane
kiste	schachtel
kiste	Schachtel
Kiste	schachtel
Kiste	Schachtel
kalb	stier
kalb	Stier
Kalb	stier
Kalb	Stier
schraube	bohrer
schraube	Bohrer
Schraube	bohrer
Schraube	Bohrer
Birke	Tanne
Birke	tanne
birke	Tanne
birke	tanne
Kirsche	Banane
Kirsche	banane
kirsche	Banane
kirsche	banane
Gabel	Loeffel
Gabel	loeffel
Gabel	löffel
Gabel	Löffel
gabel	Loeffel
gabel	loeffel
gabel	löffel
gabel	Löffel
finger	fuss
finger	fuß
finger	Fuss
finger	Fuß
Finger	fuss
Finger	fuß
Finger	Fuss
Finger	Fuß
kueche	garderobe
kueche	Garderobe
küche	garderobe
küche	Garderobe
Küche	garderobe
Küche	Garderobe
Kueche	garderobe
Kueche	Garderobe
Wolke	Himmel
Wolke	himmel
wolke	Himmel
wolke	himmel
Birke	weide
Birke	Weide
birke	weide
birke	Weide
meißel	bohrer
meißel	Bohrer
Meissel	bohrer
Meissel	Bohrer
meissel	bohrer
meissel	Bohrer
Meißel	bohrer
Meißel	Bohrer
lunge	herz
lunge	Herz
Lunge	herz
Lunge	Herz
umschlag	kuvert
umschlag	Kuvert
Umschlag	kuvert
Umschlag	Kuvert
heft	buch
heft	Buch
Heft	buch
Heft	Buch
Blei	Aluminium
Blei	aluminium
blei	Aluminium
blei	aluminium
zwiebel	tomate
zwiebel	Tomate
Zwiebel	tomate
Zwiebel	Tomate
Kürbis	Melone
Kürbis	melone
kuerbis	Melone
kuerbis	melone
Kuerbis	Melone
Kuerbis	melone
kürbis	Melone
kürbis	melone
Taube	specht
Taube	Specht
taube	specht
taube	Specht
Hemd	tshirt
Hemd	Tshirt
hemd	tshirt
hemd	Tshirt
bohrer	Feile
bohrer	feile
Bohrer	Feile
Bohrer	feile
Bier	saft
Bier	Saft
bier	saft
bier	Saft
Hemd	krawatte
Hemd	Krawatte
hemd	krawatte
hemd	Krawatte
heft	Heftklammer
heft	heftklammer
Heft	Heftklammer
Heft	heftklammer
kalb	Lamm
kalb	lamm
Kalb	Lamm
Kalb	lamm
Arzt	pfleger
Arzt	Pfleger
arzt	pfleger
arzt	Pfleger
Kissen	Bettdecke
Kissen	bettdecke
kissen	Bettdecke
kissen	bettdecke
Kißen	Bettdecke
Kißen	bettdecke
kißen	Bettdecke
kißen	bettdecke
pflaume	Birne
pflaume	birne
Pflaume	Birne
Pflaume	birne
bohne	gurke
bohne	Gurke
Bohne	gurke
Bohne	Gurke
Arzt	chirurg
Arzt	Chirurg
arzt	chirurg
arzt	Chirurg
Kissen	Bettlaken
Kissen	bettlaken
kissen	Bettlaken
kissen	bettlaken
Kißen	Bettlaken
Kißen	bettlaken
kißen	Bettlaken
kißen	bettlaken
Meise	vogel
Meise	Vogel
meise	vogel
meise	Vogel
finger	Zeh
finger	zeh
Finger	Zeh
Finger	zeh
schädel	Arm
schädel	arm
schaedel	Arm
schaedel	arm
Schaedel	Arm
Schaedel	arm
Schädel	Arm
Schädel	arm
esche	erle
esche	Erle
Esche	erle
Esche	Erle
Schaf	wolf
Schaf	Wolf
schaf	wolf
schaf	Wolf
Kueken	fohlen
Kueken	Fohlen
Küken	fohlen
Küken	Fohlen
küken	fohlen
küken	Fohlen
kueken	fohlen
kueken	Fohlen
Kleid	Anzug
Kleid	anzug
kleid	Anzug
kleid	anzug
urwald	Wüste
urwald	wüste
urwald	Wueste
urwald	wueste
Urwald	Wüste
Urwald	wüste
Urwald	Wueste
Urwald	wueste
Bier	wasser
Bier	waßer
Bier	Waßer
Bier	Wasser
bier	wasser
bier	waßer
bier	Waßer
bier	Wasser
Eiche	ulme
Eiche	Ulme
eiche	ulme
eiche	Ulme
Knie	elle
Knie	Elle
knie	elle
knie	Elle
paket	Karton
paket	karton
Paket	Karton
Paket	karton
heft	blatt
heft	Blatt
Heft	blatt
Heft	Blatt
jeans	Hose
jeans	hose
Jeans	Hose
Jeans	hose
Besteck	Gabel
Besteck	gabel
besteck	Gabel
besteck	gabel
Birne	Banane
Birne	banane
birne	Banane
birne	banane
nadel	Garn
nadel	garn
Nadel	Garn
Nadel	garn
mönch	Priester
mönch	priester
moench	Priester
moench	priester
Mönch	Priester
Mönch	priester
Moench	Priester
Moench	priester
keks	Gebaeck
keks	gebaeck
keks	Gebäck
keks	gebäck
Keks	Gebaeck
Keks	gebaeck
Keks	Gebäck
Keks	gebäck
Delfin	seekuh
Delfin	Seekuh
delfin	seekuh
delfin	Seekuh
Birke	erle
Birke	Erle
birke	erle
birke	Erle
Nichte	Tante
Nichte	tante
nichte	Tante
nichte	tante
Arzt	Professor
Arzt	professor
Arzt	Profeßor
Arzt	profeßor
arzt	Professor
arzt	professor
arzt	Profeßor
arzt	profeßor
Brot	Käse
Brot	Kaese
Brot	käse
Brot	kaese
brot	Käse
brot	Kaese
brot	käse
brot	kaese
hafer	roggen
hafer	Roggen
Hafer	roggen
Hafer	Roggen
Klavier	Musikinstrument
Klavier	musikinstrument
klavier	Musikinstrument
klavier	musikinstrument
Kosmos	komet
Kosmos	Komet
kosmos	komet
kosmos	Komet
vene	muskel
vene	Muskel
Vene	muskel
Vene	Muskel
bohrer	meißel
bohrer	Meissel
bohrer	meissel
bohrer	Meißel
Bohrer	meißel
Bohrer	Meissel
Bohrer	meissel
Bohrer	Meißel
Arm	bein
Arm	Bein
arm	bein
arm	Bein
mantel	Hose
mantel	hose
Mantel	Hose
Mantel	hose
bohne	Kraut
bohne	kraut
Bohne	Kraut
Bohne	kraut
Säge	Schraubenzieher
Säge	schraubenzieher
Saege	Schraubenzieher
Saege	schraubenzieher
saege	Schraubenzieher
saege	schraubenzieher
säge	Schraubenzieher
säge	schraubenzieher
Kürbis	gurke
Kürbis	Gurke
kuerbis	gurke
kuerbis	Gurke
Kuerbis	gurke
Kuerbis	Gurke
kürbis	gurke
kürbis	Gurke
klinik	Krankenhaus
klinik	krankenhaus
Klinik	Krankenhaus
Klinik	krankenhaus
Klavier	keyboard
Klavier	Keyboard
klavier	keyboard
klavier	Keyboard
hai	rochen
hai	Rochen
Hai	rochen
Hai	Rochen
moehre	Kohlrabi
moehre	kohlrabi
möhre	Kohlrabi
möhre	kohlrabi
Möhre	Kohlrabi
Möhre	kohlrabi
Moehre	Kohlrabi
Moehre	kohlrabi
Kosmos	Planeten
Kosmos	planeten
kosmos	Planeten
kosmos	planeten
Orgel	instrument
Orgel	Instrument
orgel	instrument
orgel	Instrument
lunge	leber
lunge	Leber
Lunge	leber
Lunge	Leber
planet	mars
planet	Mars
Planet	mars
Planet	Mars
auge	mund
auge	Mund
Auge	mund
Auge	Mund
Eiche	Kiefer
Eiche	kiefer
eiche	Kiefer
eiche	kiefer
Bier	Apfelsaft
Bier	apfelsaft
bier	Apfelsaft
bier	apfelsaft
Weltall	Stern
Weltall	stern
weltall	Stern
weltall	stern
Aufzug	rolltreppe
Aufzug	Rolltreppe
aufzug	rolltreppe
aufzug	Rolltreppe
Meise	Sperling
Meise	sperling
meise	Sperling
meise	sperling
traube	Ananas
traube	ananas
Traube	Ananas
Traube	ananas
kiwi	erdbeere
kiwi	Erdbeere
Kiwi	erdbeere
Kiwi	Erdbeere
paket	verpackung
paket	Verpackung
Paket	verpackung
Paket	Verpackung
Pfirsich	kirschen
Pfirsich	Kirschen
pfirsich	kirschen
pfirsich	Kirschen
Eisen	Gold
Eisen	gold
eisen	Gold
eisen	gold
doktor	anwalt
doktor	Anwalt
Doktor	anwalt
Doktor	Anwalt
Kirsche	erdbeere
Kirsche	Erdbeere
kirsche	erdbeere
kirsche	Erdbeere
frau	mann
frau	Mann
Frau	mann
Frau	Mann
gurke	Kürbis
gurke	kuerbis
gurke	Kuerbis
gurke	kürbis
Gurke	Kürbis
Gurke	kuerbis
Gurke	Kuerbis
Gurke	kürbis
schädel	Brustkorb
schädel	brustkorb
schaedel	Brustkorb
schaedel	brustkorb
Schaedel	Brustkorb
Schaedel	brustkorb
Schädel	Brustkorb
Schädel	brustkorb
auge	zahn
auge	Zahn
Auge	zahn
Auge	Zahn
Delfin	hai
Delfin	Hai
delfin	hai
delfin	Hai
moehre	Kartoffel
moehre	kartoffel
möhre	Kartoffel
möhre	kartoffel
Möhre	Kartoffel
Möhre	kartoffel
Moehre	Kartoffel
Moehre	kartoffel
Zimt	Vanille
Zimt	vanille
zimt	Vanille
zimt	vanille
kalb	kuh
kalb	Kuh
Kalb	kuh
Kalb	Kuh
Pfirsich	tomate
Pfirsich	Tomate
pfirsich	tomate
pfirsich	Tomate
doktor	Arzt
doktor	arzt
Doktor	Arzt
Doktor	arzt
auge	Nase
auge	nase
Auge	Nase
Auge	nase
kette	ring
kette	Ring
Kette	ring
Kette	Ring
hafer	Weizen
hafer	weizen
Hafer	Weizen
Hafer	weizen
leber	herz
leber	Herz
Leber	herz
Leber	Herz
Priester	mönch
Priester	moench
Priester	Mönch
Priester	Moench
priester	mönch
priester	moench
priester	Mönch
priester	Moench
ohr	organ
ohr	Organ
Ohr	organ
Ohr	Organ
neffe	Enkel
neffe	enkel
Neffe	Enkel
Neffe	enkel
Kueken	ferkel
Kueken	Ferkel
Küken	ferkel
Küken	Ferkel
küken	ferkel
küken	Ferkel
kueken	ferkel
kueken	Ferkel
urwald	dschungel
urwald	Dschungel
Urwald	dschungel
Urwald	Dschungel
Knie	Schienbein
Knie	schienbein
knie	Schienbein
knie	schienbein
Orgel	Violine
Orgel	violine
orgel	Violine
orgel	violine
roggen	Gerste
roggen	gerste
Roggen	Gerste
Roggen	gerste
hai	thunfisch
hai	Thunfisch
Hai	thunfisch
Hai	Thunfisch
Adler	Bussard
Adler	Bußard
Adler	bußard
Adler	bussard
adler	Bussard
adler	Bußard
adler	bußard
adler	bussard
Nonne	mönch
Nonne	moench
Nonne	Mönch
Nonne	Moench
nonne	mönch
nonne	moench
nonne	Mönch
nonne	Moench
Meise	sperber
Meise	Sperber
meise	sperber
meise	Sperber
Spinat	grünkohl
Spinat	gruenkohl
Spinat	Grünkohl
Spinat	Gruenkohl
spinat	grünkohl
spinat	gruenkohl
spinat	Grünkohl
spinat	Gruenkohl
jeans	Strumpfhose
jeans	strumpfhose
Jeans	Strumpfhose
Jeans	strumpfhose
leber	Milz
leber	milz
Leber	Milz
Leber	milz
Brot	Broetchen
Brot	brötchen
Brot	Brötchen
Brot	broetchen
brot	Broetchen
brot	brötchen
brot	Brötchen
brot	broetchen
Faust	Handballen
Faust	handballen
faust	Handballen
faust	handballen
Palast	kirche
Palast	Kirche
palast	kirche
palast	Kirche
Orgel	Obö
Orgel	oboe
Orgel	obö
Orgel	Oboe
orgel	Obö
orgel	oboe
orgel	obö
orgel	Oboe
Eiche	Birke
Eiche	birke
eiche	Birke
eiche	birke
Laken	Kopfkißen
Laken	Kopfkissen
Laken	kopfkissen
Laken	kopfkißen
laken	Kopfkißen
laken	Kopfkissen
laken	kopfkissen
laken	kopfkißen
klinik	praxis
klinik	Praxis
Klinik	praxis
Klinik	Praxis
axt	Beil
axt	beil
Axt	Beil
Axt	beil
ferkel	Tier
ferkel	tier
Ferkel	Tier
Ferkel	tier
Blei	Gips
Blei	gips
blei	Gips
blei	gips
Arzt	Schwester
Arzt	schwester
arzt	Schwester
arzt	schwester
Klavier	saxofon
Klavier	Saxofon
klavier	saxofon
klavier	Saxofon
ohr	mund
ohr	Mund
Ohr	mund
Ohr	Mund
kaffee	Kakao
kaffee	kakao
Kaffee	Kakao
Kaffee	kakao
Löwe	Tiger
Löwe	tiger
loewe	Tiger
loewe	tiger
löwe	Tiger
löwe	tiger
Loewe	Tiger
Loewe	tiger
Ruecken	bauch
Ruecken	Bauch
ruecken	bauch
ruecken	Bauch
rücken	bauch
rücken	Bauch
Rücken	bauch
Rücken	Bauch
schädel	armknochen
schädel	Armknochen
schaedel	armknochen
schaedel	Armknochen
Schaedel	armknochen
Schaedel	Armknochen
Schädel	armknochen
Schädel	Armknochen
Kirsche	tomate
Kirsche	Tomate
kirsche	tomate
kirsche	Tomate
ferkel	kuh
ferkel	Kuh
Ferkel	kuh
Ferkel	Kuh
zwiebel	Schalotte
zwiebel	schalotte
Zwiebel	Schalotte
Zwiebel	schalotte
umschlag	Block
umschlag	block
Umschlag	Block
Umschlag	block
schädel	fuss
schädel	fuß
schädel	Fuss
schädel	Fuß
schaedel	fuss
schaedel	fuß
schaedel	Fuss
schaedel	Fuß
Schaedel	fuss
Schaedel	fuß
Schaedel	Fuss
Schaedel	Fuß
Schädel	fuss
Schädel	fuß
Schädel	Fuss
Schädel	Fuß
schiff	Motorjacht
schiff	motorjacht
Schiff	Motorjacht
Schiff	motorjacht
Arzt	Krankenschwester
Arzt	krankenschwester
arzt	Krankenschwester
arzt	krankenschwester
felsen	Gebirge
felsen	gebirge
Felsen	Gebirge
Felsen	gebirge
Weltall	Sterne
Weltall	sterne
weltall	Sterne
weltall	sterne
Niere	leber
Niere	Leber
niere	leber
niere	Leber
Mango	Pfirsich
Mango	pfirsich
mango	Pfirsich
mango	pfirsich
Kürbis	Kartoffel
Kürbis	kartoffel
kuerbis	Kartoffel
kuerbis	kartoffel
Kuerbis	Kartoffel
Kuerbis	kartoffel
kürbis	Kartoffel
kürbis	kartoffel
huhn	hahn
huhn	Hahn
Huhn	hahn
Huhn	Hahn
saft	Limonade
saft	limonade
Saft	Limonade
Saft	limonade
huhn	Kueken
huhn	Küken
huhn	küken
huhn	kueken
Huhn	Kueken
Huhn	Küken
Huhn	küken
Huhn	kueken
straße	verkehrsweg
straße	Verkehrsweg
Straße	verkehrsweg
Straße	Verkehrsweg
Strasse	verkehrsweg
Strasse	Verkehrsweg
strasse	verkehrsweg
strasse	Verkehrsweg
schädel	kopf
schädel	Kopf
schaedel	kopf
schaedel	Kopf
Schaedel	kopf
Schaedel	Kopf
Schädel	kopf
Schädel	Kopf
lunge	Niere
lunge	niere
Lunge	Niere
Lunge	niere
Arzt	beruf
Arzt	Beruf
arzt	beruf
arzt	Beruf
mönch	Nonne
mönch	nonne
moench	Nonne
moench	nonne
Mönch	Nonne
Mönch	nonne
Moench	Nonne
Moench	nonne
Zimt	zucker
Zimt	Zucker
zimt	zucker
zimt	Zucker
Eisen	magnesium
Eisen	Magnesium
eisen	magnesium
eisen	Magnesium
Adler	geier
Adler	Geier
adler	geier
adler	Geier
straße	gehweg
straße	Gehweg
Straße	gehweg
Straße	Gehweg
Strasse	gehweg
Strasse	Gehweg
strasse	gehweg
strasse	Gehweg
tischler	maler
tischler	Maler
Tischler	maler
Tischler	Maler
Meßer	Loeffel
Meßer	loeffel
Meßer	löffel
Meßer	Löffel
Messer	Loeffel
Messer	loeffel
Messer	löffel
Messer	Löffel
messer	Loeffel
messer	loeffel
messer	löffel
messer	Löffel
meßer	Loeffel
meßer	loeffel
meßer	löffel
meßer	Löffel
Apfel	Banane
Apfel	banane
apfel	Banane
apfel	banane
Meise	Adler
Meise	adler
meise	Adler
meise	adler
Jacke	Hose
Jacke	hose
jacke	Hose
jacke	hose
bohne	tomate
bohne	Tomate
Bohne	tomate
Bohne	Tomate
Knie	Ellbogen
Knie	ellbogen
knie	Ellbogen
knie	ellbogen
nadel	Öhr
nadel	oehr
nadel	öhr
nadel	Oehr
Nadel	Öhr
Nadel	oehr
Nadel	öhr
Nadel	Oehr
esche	Buche
esche	buche
Esche	Buche
Esche	buche
Mango	erdbeere
Mango	Erdbeere
mango	erdbeere
mango	Erdbeere
Hagel	Schneeflocke
Hagel	schneeflocke
hagel	Schneeflocke
hagel	schneeflocke
bohne	moehre
bohne	möhre
bohne	Möhre
bohne	Moehre
Bohne	moehre
Bohne	möhre
Bohne	Möhre
Bohne	Moehre
weide	Buche
weide	buche
Weide	Buche
Weide	buche
tischler	Fliesenleger
tischler	fliesenleger
Tischler	Fliesenleger
Tischler	fliesenleger
moehre	erbse
moehre	Erbse
möhre	erbse
möhre	Erbse
Möhre	erbse
Möhre	Erbse
Moehre	erbse
Moehre	Erbse
Birke	esche
Birke	Esche
birke	esche
birke	Esche
Klavier	Trompete
Klavier	trompete
klavier	Trompete
klavier	trompete
bohrer	Säge
bohrer	Saege
bohrer	saege
bohrer	säge
Bohrer	Säge
Bohrer	Saege
Bohrer	saege
Bohrer	säge
zwiebel	bohne
zwiebel	Bohne
Zwiebel	bohne
Zwiebel	Bohne
Orgel	Geige
Orgel	geige
orgel	Geige
orgel	geige
traube	pflaume
traube	Pflaume
Traube	pflaume
Traube	Pflaume
Aufzug	Treppe
Aufzug	treppe
aufzug	Treppe
aufzug	treppe
Birke	Buche
Birke	buche
birke	Buche
birke	buche
fuss	Arm
fuss	arm
fuß	Arm
fuß	arm
Fuss	Arm
Fuss	arm
Fuß	Arm
Fuß	arm
Tuba	floete
Tuba	flöte
Tuba	Floete
Tuba	Flöte
tuba	floete
tuba	flöte
tuba	Floete
tuba	Flöte
kamin	Heizung
kamin	heizung
Kamin	Heizung
Kamin	heizung
Knie	Sprunggelenk
Knie	sprunggelenk
knie	Sprunggelenk
knie	sprunggelenk
Tuba	Trompete
Tuba	trompete
tuba	Trompete
tuba	trompete
Teich	see
Teich	See
teich	see
teich	See
nebel	sonnenschein
nebel	Sonnenschein
Nebel	sonnenschein
Nebel	Sonnenschein
Weltall	Universum
Weltall	universum
weltall	Universum
weltall	universum
heft	bleistift
heft	Bleistift
Heft	bleistift
Heft	Bleistift
Feile	reibe
Feile	Reibe
feile	reibe
feile	Reibe
Hemd	guertel
Hemd	Gürtel
Hemd	Guertel
Hemd	gürtel
hemd	guertel
hemd	Gürtel
hemd	Guertel
hemd	gürtel
kiste	Korb
kiste	korb
Kiste	Korb
Kiste	korb
Burg	haus
Burg	Haus
burg	haus
burg	Haus
Jacke	blazer
Jacke	Blazer
jacke	blazer
jacke	Blazer
Kosmos	All
Kosmos	all
kosmos	All
kosmos	all
Zeh	finger
Zeh	Finger
zeh	finger
zeh	Finger
schädel	Hals
schädel	hals
schaedel	Hals
schaedel	hals
Schaedel	Hals
Schaedel	hals
Schädel	Hals
Schädel	hals
finger	Faust
finger	faust
Finger	Faust
Finger	faust
tischler	Schreiner
tischler	schreiner
Tischler	Schreiner
Tischler	schreiner
axt	Saebel
axt	säbel
axt	Säbel
axt	saebel
Axt	Saebel
Axt	säbel
Axt	Säbel
Axt	saebel
Blei	Stahl
Blei	stahl
blei	Stahl
blei	stahl
Sofa	kanapee
Sofa	Kanapee
sofa	kanapee
sofa	Kanapee
Arzt	doktor
Arzt	Doktor
arzt	doktor
arzt	Doktor
jeans	Hemd
jeans	hemd
Jeans	Hemd
Jeans	hemd
Tuba	Posaune
Tuba	posaune
tuba	Posaune
tuba	posaune
schinken	fleisch
schinken	Fleisch
Schinken	fleisch
Schinken	Fleisch
schraube	Nagel
schraube	nagel
Schraube	Nagel
Schraube	nagel
kaffee	milch
kaffee	Milch
Kaffee	milch
Kaffee	Milch
Klavier	Piano
Klavier	piano
klavier	Piano
klavier	piano
krähe	Elster
krähe	elster
Krähe	Elster
Krähe	elster
Kraehe	Elster
Kraehe	elster
kraehe	Elster
kraehe	elster
Jacke	Kleidung
Jacke	kleidung
jacke	Kleidung
jacke	kleidung
Spinat	Moehren
Spinat	möhren
Spinat	moehren
Spinat	Möhren
spinat	Moehren
spinat	möhren
spinat	moehren
spinat	Möhren
mantel	Schuhe
mantel	schuhe
Mantel	Schuhe
Mantel	schuhe
Feile	Schraubenzieher
Feile	schraubenzieher
feile	Schraubenzieher
feile	schraubenzieher
Faust	Arm
Faust	arm
faust	Arm
faust	arm
nebel	rauch
nebel	Rauch
Nebel	rauch
Nebel	Rauch
traube	Banane
traube	banane
Traube	Banane
Traube	banane
Maedchen	junge
Maedchen	Junge
maedchen	junge
maedchen	Junge
mädchen	junge
mädchen	Junge
Mädchen	junge
Mädchen	Junge
Pfirsich	Apfel
Pfirsich	apfel
pfirsich	Apfel
pfirsich	apfel
Knie	fuss
Knie	fuß
Knie	Fuss
Knie	Fuß
knie	fuss
knie	fuß
knie	Fuss
knie	Fuß
Gerste	hafer
Gerste	Hafer
gerste	hafer
gerste	Hafer
hahn	rind
hahn	Rind
Hahn	rind
Hahn	Rind
mund	zunge
mund	Zunge
Mund	zunge
Mund	Zunge
Meßer	Besteck
Meßer	besteck
Messer	Besteck
Messer	besteck
messer	Besteck
messer	besteck
meßer	Besteck
meßer	besteck
gurke	Kartoffel
gurke	kartoffel
Gurke	Kartoffel
Gurke	kartoffel
Sofa	Stuhl
Sofa	stuhl
sofa	Stuhl
sofa	stuhl
Laken	Matratze
Laken	matratze
laken	Matratze
laken	matratze
axt	spitzhacke
axt	Spitzhacke
Axt	spitzhacke
Axt	Spitzhacke
Kueken	hahn
Kueken	Hahn
Küken	hahn
Küken	Hahn
küken	hahn
küken	Hahn
kueken	hahn
kueken	Hahn
Gold	silber
Gold	Silber
gold	silber
gold	Silber
Treppe	gelaender
Treppe	geländer
Treppe	Geländer
Treppe	Gelaender
treppe	gelaender
treppe	geländer
treppe	Geländer
treppe	Gelaender
Säge	Beil
Säge	beil
Saege	Beil
Saege	beil
saege	Beil
saege	beil
säge	Beil
säge	beil
Adler	Taube
Adler	taube
adler	Taube
adler	taube
bohrer	Bohrmaschine
bohrer	bohrmaschine
Bohrer	Bohrmaschine
Bohrer	bohrmaschine
Armband	halsband
Armband	Halsband
armband	halsband
armband	Halsband
bohrer	hammer
bohrer	Hammer
Bohrer	hammer
Bohrer	Hammer
paket	Paeckchen
paket	päckchen
paket	paeckchen
paket	Päckchen
Paket	Paeckchen
Paket	päckchen
Paket	paeckchen
Paket	Päckchen
Feile	Schere
Feile	schere
feile	Schere
feile	schere
kiwi	Apfel
kiwi	apfel
Kiwi	Apfel
Kiwi	apfel
Meise	amsel
Meise	Amsel
meise	amsel
meise	Amsel
paket	kiste
paket	Kiste
Paket	kiste
Paket	Kiste
zwiebel	paprika
zwiebel	Paprika
Zwiebel	paprika
Zwiebel	Paprika
auto	Motorrad
auto	motorrad
Auto	Motorrad
Auto	motorrad
neffe	Cousine
neffe	cousine
Neffe	Cousine
Neffe	cousine
pfeffer	gewuerz
pfeffer	Gewürz
pfeffer	Gewuerz
pfeffer	gewürz
Pfeffer	gewuerz
Pfeffer	Gewürz
Pfeffer	Gewuerz
Pfeffer	gewürz
guertel	Guertelschnalle
guertel	guertelschnalle
guertel	gürtelschnalle
guertel	Gürtelschnalle
Gürtel	Guertelschnalle
Gürtel	guertelschnalle
Gürtel	gürtelschnalle
Gürtel	Gürtelschnalle
Guertel	Guertelschnalle
Guertel	guertelschnalle
Guertel	gürtelschnalle
Guertel	Gürtelschnalle
gürtel	Guertelschnalle
gürtel	guertelschnalle
gürtel	gürtelschnalle
gürtel	Gürtelschnalle
Mond	Himmelskoerper
Mond	Himmelskörper
Mond	himmelskoerper
Mond	himmelskörper
mond	Himmelskoerper
mond	Himmelskörper
mond	himmelskoerper
mond	himmelskörper
Kirsche	Apfel
Kirsche	apfel
kirsche	Apfel
kirsche	apfel
Apfel	erdbeere
Apfel	Erdbeere
apfel	erdbeere
apfel	Erdbeere
Eisen	kupfer
Eisen	Kupfer
eisen	kupfer
eisen	Kupfer
kanal	fluß
kanal	Fluss
kanal	Fluß
kanal	fluss
Kanal	fluß
Kanal	Fluss
Kanal	Fluß
Kanal	fluss
heft	hefter
heft	Hefter
Heft	hefter
Heft	Hefter
planet	Mond
planet	mond
Planet	Mond
Planet	mond
urwald	nadelwald
urwald	Nadelwald
Urwald	nadelwald
Urwald	Nadelwald
hahn	Kueken
hahn	Küken
hahn	küken
hahn	kueken
Hahn	Kueken
Hahn	Küken
Hahn	küken
Hahn	kueken
esche	ulme
esche	Ulme
Esche	ulme
Esche	Ulme
Besteck	Meßer
Besteck	Messer
Besteck	messer
Besteck	meßer
besteck	Meßer
besteck	Messer
besteck	messer
besteck	meßer
Mond	jupiter
Mond	Jupiter
mond	jupiter
mond	Jupiter
Taube	Sperling
Taube	sperling
taube	Sperling
taube	sperling
meißel	Schraubendreher
meißel	schraubendreher
Meissel	Schraubendreher
Meissel	schraubendreher
meissel	Schraubendreher
meissel	schraubendreher
Meißel	Schraubendreher
Meißel	schraubendreher
jeans	Jacke
jeans	jacke
Jeans	Jacke
Jeans	jacke
Brot	Brezel
Brot	brezel
brot	Brezel
brot	brezel
wade	Knie
wade	knie
Wade	Knie
Wade	knie
see	fluß
see	Fluss
see	Fluß
see	fluss
See	fluß
See	Fluss
See	Fluß
See	fluss
Eiche	Pappel
Eiche	pappel
eiche	Pappel
eiche	pappel
Adler	Falke
Adler	falke
adler	Falke
adler	falke
Quark	Joghurt
Quark	joghurt
quark	Joghurt
quark	joghurt
Orgel	saxofon
Orgel	Saxofon
orgel	saxofon
orgel	Saxofon
Kissen	decke
Kissen	Decke
kissen	decke
kissen	Decke
Kißen	decke
Kißen	Decke
kißen	decke
kißen	Decke
Geige	Bratsche
Geige	bratsche
geige	Bratsche
geige	bratsche
Gerste	getreide
Gerste	Getreide
gerste	getreide
gerste	Getreide
Schaf	kuh
Schaf	Kuh
schaf	kuh
schaf	Kuh
Treppe	Leiter
Treppe	leiter
treppe	Leiter
treppe	leiter
Geige	Cello
Geige	cello
geige	Cello
geige	cello
Teich	tuempel
Teich	Tuempel
Teich	tümpel
Teich	Tümpel
teich	tuempel
teich	Tuempel
teich	tümpel
teich	Tümpel
Zimt	pfeffer
Zimt	Pfeffer
zimt	pfeffer
zimt	Pfeffer
Eisen	karbon
Eisen	Karbon
eisen	karbon
eisen	Karbon
Sofa	Seßel
Sofa	Sessel
Sofa	seßel
Sofa	sessel
sofa	Seßel
sofa	Sessel
sofa	seßel
sofa	sessel
bohne	Apfel
bohne	apfel
Bohne	Apfel
Bohne	apfel
maus	hund
maus	Hund
Maus	hund
Maus	Hund
Feile	Nagelschere
Feile	nagelschere
feile	Nagelschere
feile	nagelschere
Kueken	vogel
Kueken	Vogel
Küken	vogel
Küken	Vogel
küken	vogel
küken	Vogel
kueken	vogel
kueken	Vogel
Blei	arsen
Blei	Arsen
blei	arsen
blei	Arsen
Kleid	krawatte
Kleid	Krawatte
kleid	krawatte
kleid	Krawatte
Blei	Zink
Blei	zink
blei	Zink
blei	zink
mantel	Jacke
mantel	jacke
Mantel	Jacke
Mantel	jacke
Birne	Apfel
Birne	apfel
birne	Apfel
birne	apfel
Weltall	planet
Weltall	Planet
weltall	planet
weltall	Planet
pfeffer	Salz
pfeffer	salz
Pfeffer	Salz
Pfeffer	salz
daumen	Zeigefinger
daumen	zeigefinger
Daumen	Zeigefinger
Daumen	zeigefinger
Wolke	sonnenschein
Wolke	Sonnenschein
wolke	sonnenschein
wolke	Sonnenschein
Mango	kiwi
Mango	Kiwi
mango	kiwi
mango	Kiwi
kaiser	Kaiserin
kaiser	kaiserin
Kaiser	Kaiserin
Kaiser	kaiserin
straße	weg
straße	Weg
Straße	weg
Straße	Weg
Strasse	weg
Strasse	Weg
strasse	weg
strasse	Weg
Treppe	Stufen
Treppe	stufen
treppe	Stufen
treppe	stufen
Mango	Ananas
Mango	ananas
mango	Ananas
mango	ananas
Quark	schmand
Quark	Schmand
quark	schmand
quark	Schmand
gurke	Gemüse
gurke	Gemuese
gurke	gemuese
gurke	gemüse
Gurke	Gemüse
Gurke	Gemuese
Gurke	gemuese
Gurke	gemüse
Kleid	rock
Kleid	Rock
kleid	rock
kleid	Rock
schädel	Nase
schädel	nase
schaedel	Nase
schaedel	nase
Schaedel	Nase
Schaedel	nase
Schädel	Nase
Schädel	nase
felsen	brocken
felsen	Brocken
Felsen	brocken
Felsen	Brocken
Bier	radler
Bier	Radler
bier	radler
bier	Radler
Karton	pappkiste
Karton	Pappkiste
karton	pappkiste
karton	Pappkiste
Gold	Metall
Gold	metall
gold	Metall
gold	metall
Kleid	Pullover
Kleid	pullover
kleid	Pullover
kleid	pullover
kaffee	tee
kaffee	Tee
Kaffee	tee
Kaffee	Tee
Tante	neffe
Tante	Neffe
tante	neffe
tante	Neffe
Brief	Briefmarke
Brief	briefmarke
brief	Briefmarke
brief	briefmarke
nebel	Tau
nebel	tau
Nebel	Tau
Nebel	tau
zwiebel	zucchini
zwiebel	Zucchini
Zwiebel	zucchini
Zwiebel	Zucchini
Mango	papaya
Mango	Papaya
mango	papaya
mango	Papaya
Faust	fuss
Faust	fuß
Faust	Fuss
Faust	Fuß
faust	fuss
faust	fuß
faust	Fuss
faust	Fuß
saft	Mineralwasser
saft	Mineralwaßer
saft	mineralwaßer
saft	mineralwasser
Saft	Mineralwasser
Saft	Mineralwaßer
Saft	mineralwaßer
Saft	mineralwasser
Bier	Wein
Bier	wein
bier	Wein
bier	wein
ferkel	sau
ferkel	Sau
Ferkel	sau
Ferkel	Sau
auto	Strassenbahn
auto	Straßenbahn
auto	strassenbahn
auto	straßenbahn
Auto	Strassenbahn
Auto	Straßenbahn
Auto	strassenbahn
Auto	straßenbahn
lift	rolltreppe
lift	Rolltreppe
Lift	rolltreppe
Lift	Rolltreppe
Tiger	katze
Tiger	Katze
tiger	katze
tiger	Katze
Schaf	rind
Schaf	Rind
schaf	rind
schaf	Rind
Aufzug	Fahrstuhl
Aufzug	fahrstuhl
aufzug	Fahrstuhl
aufzug	fahrstuhl
Kirsche	pflaume
Kirsche	Pflaume
kirsche	pflaume
kirsche	Pflaume
keks	cookie
keks	Cookie
Keks	cookie
Keks	Cookie
Treppe	lift
Treppe	Lift
treppe	lift
treppe	Lift
hai	hecht
hai	Hecht
Hai	hecht
Hai	Hecht
Quark	milch
Quark	Milch
quark	milch
quark	Milch
pflaume	erdbeere
pflaume	Erdbeere
Pflaume	erdbeere
Pflaume	Erdbeere
daumen	finger
daumen	Finger
Daumen	finger
Daumen	Finger
kanal	see
kanal	See
Kanal	see
Kanal	See
Pappe	Karton
Pappe	karton
pappe	Karton
pappe	karton
Meise	Spatz
Meise	spatz
meise	Spatz
meise	spatz
Geige	gitarre
Geige	Gitarre
geige	gitarre
geige	Gitarre
esche	Birke
esche	birke
Esche	Birke
Esche	birke
Taube	rotkehlchen
Taube	Rotkehlchen
taube	rotkehlchen
taube	Rotkehlchen
bohrer	Vorschlaghammer
bohrer	vorschlaghammer
Bohrer	Vorschlaghammer
Bohrer	vorschlaghammer
Arm	fuss
Arm	fuß
Arm	Fuss
Arm	Fuß
arm	fuss
arm	fuß
arm	Fuss
arm	Fuß
Treppe	Treppenleiter
Treppe	treppenleiter
treppe	Treppenleiter
treppe	treppenleiter
Arzt	sanitäter
Arzt	sanitaeter
Arzt	Sanitäter
Arzt	Sanitaeter
arzt	sanitäter
arzt	sanitaeter
arzt	Sanitäter
arzt	Sanitaeter
couch	Sofa
couch	sofa
Couch	Sofa
Couch	sofa
Orgel	Piano
Orgel	piano
orgel	Piano
orgel	piano
Dorf	land
Dorf	Land
dorf	land
dorf	Land
Meßer	Gabel
Meßer	gabel
Messer	Gabel
Messer	gabel
messer	Gabel
messer	gabel
meßer	Gabel
meßer	gabel
Taube	Moewe
Taube	moewe
Taube	Möwe
Taube	möwe
taube	Moewe
taube	moewe
taube	Möwe
taube	möwe
schaefer	tischler
schaefer	Tischler
Schäfer	tischler
Schäfer	Tischler
Schaefer	tischler
Schaefer	Tischler
schäfer	tischler
schäfer	Tischler
schraube	bauteil
schraube	Bauteil
Schraube	bauteil
Schraube	Bauteil
kellner	Barkeeper
kellner	barkeeper
Kellner	Barkeeper
Kellner	barkeeper
weg	fahrt
weg	Fahrt
Weg	fahrt
Weg	Fahrt
Dorf	stadt
Dorf	Stadt
dorf	stadt
dorf	Stadt
Dusche	Toilette
Dusche	toilette
dusche	Toilette
dusche	toilette
kiste	Karton
kiste	karton
Kiste	Karton
Kiste	karton
Kürbis	Mais
Kürbis	mais
kuerbis	Mais
kuerbis	mais
Kuerbis	Mais
Kuerbis	mais
kürbis	Mais
kürbis	mais
straße	Fussgängerweg
straße	Fußgaengerweg
straße	Fussgaengerweg
straße	fussgaengerweg
straße	fussgängerweg
straße	Fußgängerweg
straße	fußgängerweg
straße	fußgaengerweg
Straße	Fussgängerweg
Straße	Fußgaengerweg
Straße	Fussgaengerweg
Straße	fussgaengerweg
Straße	fussgängerweg
Straße	Fußgängerweg
Straße	fußgängerweg
Straße	fußgaengerweg
Strasse	Fussgängerweg
Strasse	Fußgaengerweg
Strasse	Fussgaengerweg
Strasse	fussgaengerweg
Strasse	fussgängerweg
Strasse	Fußgängerweg
Strasse	fußgängerweg
Strasse	fußgaengerweg
strasse	Fussgängerweg
strasse	Fußgaengerweg
strasse	Fussgaengerweg
strasse	fussgaengerweg
strasse	fussgängerweg
strasse	Fußgängerweg
strasse	fußgängerweg
strasse	fußgaengerweg
Klavier	Kontrabaß
Klavier	kontrabass
Klavier	kontrabaß
Klavier	Kontrabass
klavier	Kontrabaß
klavier	kontrabass
klavier	kontrabaß
klavier	Kontrabass
Schwester	Bruder
Schwester	bruder
schwester	Bruder
schwester	bruder
heft	Block
heft	block
Heft	Block
Heft	block
leber	magen
leber	Magen
Leber	magen
Leber	Magen
saft	tee
saft	Tee
Saft	tee
Saft	Tee
kalb	schwein
kalb	Schwein
Kalb	schwein
Kalb	Schwein
nadel	faden
nadel	Faden
Nadel	faden
Nadel	Faden
roggen	Weizen
roggen	weizen
Roggen	Weizen
Roggen	weizen
Armband	kette
Armband	Kette
armband	kette
armband	Kette
Quark	Käse
Quark	Kaese
Quark	käse
Quark	kaese
quark	Käse
quark	Kaese
quark	käse
quark	kaese
daumen	Mittelfinger
daumen	mittelfinger
Daumen	Mittelfinger
Daumen	mittelfinger
mantel	Sakko
mantel	sakko
Mantel	Sakko
Mantel	sakko
Kirsche	obst
Kirsche	Obst
kirsche	obst
kirsche	Obst
zwiebel	moehre
zwiebel	möhre
zwiebel	Möhre
zwiebel	Moehre
Zwiebel	moehre
Zwiebel	möhre
Zwiebel	Möhre
Zwiebel	Moehre
Armband	Kleidung
Armband	kleidung
armband	Kleidung
armband	kleidung
Laken	Kissenbezug
Laken	Kißenbezug
Laken	kissenbezug
Laken	kißenbezug
laken	Kissenbezug
laken	Kißenbezug
laken	kissenbezug
laken	kißenbezug
tischler	klempner
tischler	Klempner
Tischler	klempner
Tischler	Klempner
moehre	gurke
moehre	Gurke
möhre	gurke
möhre	Gurke
Möhre	gurke
Möhre	Gurke
Moehre	gurke
Moehre	Gurke
frau	geschlecht
frau	Geschlecht
Frau	geschlecht
Frau	Geschlecht
Apfel	kiwi
Apfel	Kiwi
apfel	kiwi
apfel	Kiwi
Klavier	Geige
Klavier	geige
klavier	Geige
klavier	geige
silber	Gold
silber	gold
Silber	Gold
Silber	gold
meer	ozean
meer	Ozean
Meer	ozean
Meer	Ozean
Kirsche	Zwetschge
Kirsche	zwetschge
kirsche	Zwetschge
kirsche	zwetschge
Adler	sperber
Adler	Sperber
adler	sperber
adler	Sperber
auto	Flugzeug
auto	flugzeug
Auto	Flugzeug
Auto	flugzeug
nebel	Wolken
nebel	wolken
Nebel	Wolken
Nebel	wolken
saft	Fruchtsaft
saft	fruchtsaft
Saft	Fruchtsaft
Saft	fruchtsaft
Stuhl	tisch
Stuhl	Tisch
stuhl	tisch
stuhl	Tisch
vene	Blutgefaeß
vene	blutgefäss
vene	blutgefaess
vene	Blutgefaess
vene	blutgefaeß
vene	Blutgefäss
vene	Blutgefäß
vene	blutgefäß
Vene	Blutgefaeß
Vene	blutgefäss
Vene	blutgefaess
Vene	Blutgefaess
Vene	blutgefaeß
Vene	Blutgefäss
Vene	Blutgefäß
Vene	blutgefäß
Zange	hammer
Zange	Hammer
zange	hammer
zange	Hammer
neffe	Schwager
neffe	schwager
Neffe	Schwager
Neffe	schwager
ferkel	schwein
ferkel	Schwein
Ferkel	schwein
Ferkel	Schwein
Knie	ellenbogen
Knie	Ellenbogen
knie	ellenbogen
knie	Ellenbogen
erbse	moehre
erbse	möhre
erbse	Möhre
erbse	Moehre
Erbse	moehre
Erbse	möhre
Erbse	Möhre
Erbse	Moehre
Tiger	Löwe
Tiger	loewe
Tiger	löwe
Tiger	Loewe
tiger	Löwe
tiger	loewe
tiger	löwe
tiger	Loewe
mund	Nase
mund	nase
Mund	Nase
Mund	nase
Quark	pudding
Quark	Pudding
quark	pudding
quark	Pudding
lift	Treppe
lift	treppe
Lift	Treppe
Lift	treppe
Gabel	Meßer
Gabel	Messer
Gabel	messer
Gabel	meßer
gabel	Meßer
gabel	Messer
gabel	messer
gabel	meßer
Schrank	Stuhl
Schrank	stuhl
schrank	Stuhl
schrank	stuhl
Dusche	badewanne
Dusche	Badewanne
dusche	badewanne
dusche	Badewanne
Brief	telegramm
Brief	Telegramm
brief	telegramm
brief	Telegramm
straße	buergersteig
straße	bürgersteig
straße	Buergersteig
straße	Bürgersteig
Straße	buergersteig
Straße	bürgersteig
Straße	Buergersteig
Straße	Bürgersteig
Strasse	buergersteig
Strasse	bürgersteig
Strasse	Buergersteig
Strasse	Bürgersteig
strasse	buergersteig
strasse	bürgersteig
strasse	Buergersteig
strasse	Bürgersteig
nadel	Schere
nadel	schere
Nadel	Schere
Nadel	schere
Mango	gurke
Mango	Gurke
mango	gurke
mango	Gurke
tischler	Handwerker
tischler	handwerker
Tischler	Handwerker
Tischler	handwerker
esche	baum
esche	Baum
Esche	baum
Esche	Baum
Arzt	Bauarbeiter
Arzt	bauarbeiter
arzt	Bauarbeiter
arzt	bauarbeiter
Mango	Banane
Mango	banane
mango	Banane
mango	banane
Pfirsich	aprikose
Pfirsich	Aprikose
pfirsich	aprikose
pfirsich	Aprikose
Zimt	gewuerz
Zimt	Gewürz
Zimt	Gewuerz
Zimt	gewürz
zimt	gewuerz
zimt	Gewürz
zimt	Gewuerz
zimt	gewürz
Kueken	Lamm
Kueken	lamm
Küken	Lamm
Küken	lamm
küken	Lamm
küken	lamm
kueken	Lamm
kueken	lamm
Faust	daumen
Faust	Daumen
faust	daumen
faust	Daumen
Niere	herz
Niere	Herz
niere	herz
niere	Herz
heft	dokumente
heft	Dokumente
Heft	dokumente
Heft	Dokumente
schraube	Schraubenzieher
schraube	schraubenzieher
Schraube	Schraubenzieher
Schraube	schraubenzieher
mantel	Kleid
mantel	kleid
Mantel	Kleid
Mantel	kleid
Hemd	schlips
Hemd	Schlips
hemd	schlips
hemd	Schlips
see	tuempel
see	Tuempel
see	tümpel
see	Tümpel
See	tuempel
See	Tuempel
See	tümpel
See	Tümpel
onkel	Tante
onkel	tante
Onkel	Tante
Onkel	tante
lunge	lungenfluegel
lunge	lungenflügel
lunge	Lungenfluegel
lunge	Lungenflügel
Lunge	lungenfluegel
Lunge	lungenflügel
Lunge	Lungenfluegel
Lunge	Lungenflügel
vene	Aorta
vene	aorta
Vene	Aorta
Vene	aorta
Niere	lunge
Niere	Lunge
niere	lunge
niere	Lunge
Ader	vene
Ader	Vene
ader	vene
ader	Vene
pflaume	dattel
pflaume	Dattel
Pflaume	dattel
Pflaume	Dattel
moehre	zucchini
moehre	Zucchini
möhre	zucchini
möhre	Zucchini
Möhre	zucchini
Möhre	Zucchini
Moehre	zucchini
Moehre	Zucchini
Zange	bohrer
Zange	Bohrer
zange	bohrer
zange	Bohrer
Aufzug	Hebebühne
Aufzug	hebebuehne
Aufzug	Hebebuehne
Aufzug	hebebühne
aufzug	Hebebühne
aufzug	hebebuehne
aufzug	Hebebuehne
aufzug	hebebühne
meißel	moerser
meißel	mörser
meißel	Mörser
meißel	Moerser
Meissel	moerser
Meissel	mörser
Meissel	Mörser
Meissel	Moerser
meissel	moerser
meissel	mörser
meissel	Mörser
meissel	Moerser
Meißel	moerser
Meißel	mörser
Meißel	Mörser
Meißel	Moerser
Spinat	kartoffeln
Spinat	Kartoffeln
spinat	kartoffeln
spinat	Kartoffeln
Knie	Körperteil
Knie	Koerperteil
Knie	körperteil
Knie	koerperteil
knie	Körperteil
knie	Koerperteil
knie	körperteil
knie	koerperteil
Ader	Gefaeß
Ader	Gefaess
Ader	gefaeß
Ader	Gefäß
Ader	gefaess
Ader	gefäss
Ader	gefäß
Ader	Gefäss
ader	Gefaeß
ader	Gefaess
ader	gefaeß
ader	Gefäß
ader	gefaess
ader	gefäss
ader	gefäß
ader	Gefäss
schaefer	Jaeger
schaefer	jäger
schaefer	Jäger
schaefer	jaeger
Schäfer	Jaeger
Schäfer	jäger
Schäfer	Jäger
Schäfer	jaeger
Schaefer	Jaeger
Schaefer	jäger
Schaefer	Jäger
Schaefer	jaeger
schäfer	Jaeger
schäfer	jäger
schäfer	Jäger
schäfer	jaeger
Brot	toastbrot
Brot	Toastbrot
brot	toastbrot
brot	Toastbrot
traube	Apfel
traube	apfel
Traube	Apfel
Traube	apfel
hafer	getreide
hafer	Getreide
Hafer	getreide
Hafer	Getreide
Sofa	tisch
Sofa	Tisch
sofa	tisch
sofa	Tisch
bohrer	schraube
bohrer	Schraube
Bohrer	schraube
Bohrer	Schraube
kanal	strömung
kanal	Stroemung
kanal	Strömung
kanal	stroemung
Kanal	strömung
Kanal	Stroemung
Kanal	Strömung
Kanal	stroemung
magen	leber
magen	Leber
Magen	leber
Magen	Leber
kaiser	koenig
kaiser	könig
kaiser	König
kaiser	Koenig
Kaiser	koenig
Kaiser	könig
Kaiser	König
Kaiser	Koenig
Teich	meer
Teich	Meer
teich	meer
teich	Meer
Armband	ring
Armband	Ring
armband	ring
armband	Ring
nebel	Sonne
nebel	sonne
Nebel	Sonne
Nebel	sonne
Pappe	Papier
Pappe	papier
pappe	Papier
pappe	papier
kellner	bedienung
kellner	Bedienung
Kellner	bedienung
Kellner	Bedienung
Zange	Zollstock
Zange	zollstock
zange	Zollstock
zange	zollstock
Dusche	Bad
Dusche	bad
dusche	Bad
dusche	bad
Palast	schloss
Palast	schloß
Palast	Schloß
Palast	Schloss
palast	schloss
palast	schloß
palast	Schloß
palast	Schloss
finger	daumen
finger	Daumen
Finger	daumen
Finger	Daumen
lift	Aufzug
lift	aufzug
Lift	Aufzug
Lift	aufzug
Zange	Kneifwerkzeug
Zange	kneifwerkzeug
zange	Kneifwerkzeug
zange	kneifwerkzeug
nebel	dunst
nebel	Dunst
Nebel	dunst
Nebel	Dunst
pflaume	Apfel
pflaume	apfel
Pflaume	Apfel
Pflaume	apfel
doktor	Schwester
doktor	schwester
Doktor	Schwester
Doktor	schwester
mann	frau
mann	Frau
Mann	frau
Mann	Frau
weide	Pappel
weide	pappel
Weide	Pappel
Weide	pappel
Klavier	Cello
Klavier	cello
klavier	Cello
klavier	cello
Brief	paket
Brief	Paket
brief	paket
brief	Paket
Kürbis	zucchini
Kürbis	Zucchini
kuerbis	zucchini
kuerbis	Zucchini
Kuerbis	zucchini
Kuerbis	Zucchini
kürbis	zucchini
kürbis	Zucchini
Torte	pfannkuchen
Torte	Pfannkuchen
torte	pfannkuchen
torte	Pfannkuchen
Teich	Bach
Teich	bach
teich	Bach
teich	bach
kiwi	Mango
kiwi	mango
Kiwi	Mango
Kiwi	mango
doktor	Krankenschwester
doktor	krankenschwester
Doktor	Krankenschwester
Doktor	krankenschwester
Adler	Habicht
Adler	habicht
adler	Habicht
adler	habicht
tischler	maurer
tischler	Maurer
Tischler	maurer
Tischler	Maurer
planet	Erde
planet	erde
Planet	Erde
Planet	erde
ohr	Nase
ohr	nase
Ohr	Nase
Ohr	nase
Priester	Papst
Priester	papst
priester	Papst
priester	papst
Hemd	Jacke
Hemd	jacke
hemd	Jacke
hemd	jacke
Kissen	Zudecke
Kissen	zudecke
kissen	Zudecke
kissen	zudecke
Kißen	Zudecke
Kißen	zudecke
kißen	Zudecke
kißen	zudecke
Blei	Gold
Blei	gold
blei	Gold
blei	gold
hocker	Seßel
hocker	Sessel
hocker	seßel
hocker	sessel
Hocker	Seßel
Hocker	Sessel
Hocker	seßel
Hocker	sessel
magen	dickdarm
magen	Dickdarm
Magen	dickdarm
Magen	Dickdarm
traube	frucht
traube	Frucht
Traube	frucht
Traube	Frucht
moehre	tomate
moehre	Tomate
möhre	tomate
möhre	Tomate
Möhre	tomate
Möhre	Tomate
Moehre	tomate
Moehre	Tomate
auge	finger
auge	Finger
Auge	finger
Auge	Finger
Nonne	Papst
Nonne	papst
nonne	Papst
nonne	papst
wade	finger
wade	Finger
Wade	finger
Wade	Finger
Käse	salami
Käse	Salami
Kaese	salami
Kaese	Salami
käse	salami
käse	Salami
kaese	salami
kaese	Salami
Spinat	rosenkohl
Spinat	Rosenkohl
spinat	rosenkohl
spinat	Rosenkohl
saft	Sirup
saft	sirup
Saft	Sirup
Saft	sirup
mund	kinn
mund	Kinn
Mund	kinn
Mund	Kinn
urwald	regenwald
urwald	Regenwald
Urwald	regenwald
Urwald	Regenwald
Bier	sekt
Bier	Sekt
bier	sekt
bier	Sekt
planet	Sonne
planet	sonne
Planet	Sonne
Planet	sonne
Pfirsich	Birne
Pfirsich	birne
pfirsich	Birne
pfirsich	birne
Arzt	Apotheker
Arzt	apotheker
arzt	Apotheker
arzt	apotheker
Nichte	onkel
Nichte	Onkel
nichte	onkel
nichte	Onkel
wiese	Alm
wiese	alm
Wiese	Alm
Wiese	alm
schraube	mutter
schraube	Mutter
Schraube	mutter
Schraube	Mutter
Pfirsich	orange
Pfirsich	Orange
pfirsich	orange
pfirsich	Orange
kaffee	getraenk
kaffee	Getraenk
kaffee	getränk
kaffee	Getränk
Kaffee	getraenk
Kaffee	Getraenk
Kaffee	getränk
Kaffee	Getränk
axt	Säge
axt	Saege
axt	saege
axt	säge
Axt	Säge
Axt	Saege
Axt	saege
Axt	säge
Eiche	Tanne
Eiche	tanne
eiche	Tanne
eiche	tanne
weg	pfad
weg	Pfad
Weg	pfad
Weg	Pfad
Faust	finger
Faust	Finger
faust	finger
faust	Finger
Ader	Arterie
Ader	arterie
ader	Arterie
ader	arterie
Tante	Cousine
Tante	cousine
tante	Cousine
tante	cousine
Eiche	linde
Eiche	Linde
eiche	linde
eiche	Linde
schaefer	hirte
schaefer	Hirte
Schäfer	hirte
Schäfer	Hirte
Schaefer	hirte
Schaefer	Hirte
schäfer	hirte
schäfer	Hirte
weide	baum
weide	Baum
Weide	baum
Weide	Baum
